ID,Marital Status,Gender,Income,Children,Parent,Education,Occupation,Home Owner,Cars,Commute Distance,Region,Age,Age Brackets,Purchased Bike
24381,Single,Male,"$70,000.00",0,No,Bachelors,Professional,Yes,1,5-10 Miles,Pacific,41,Middle Aged,Yes
25597,Single,Male,"$30,000.00",0,No,Bachelors,Clerical,No,0,0-1 Miles,Europe,36,Middle Aged,Yes
27974,Single,Male,"$160,000.00",2,Yes,High School,Management,Yes,4,0-1 Miles,Pacific,33,Middle Aged,Yes
19364,Married,Male,"$40,000.00",1,Yes,Bachelors,Skilled Manual,Yes,0,0-1 Miles,Europe,43,Middle Aged,Yes
19280,Married,Male,"$120,000.00",2,Yes,Partial College,Manual,Yes,1,0-1 Miles,Europe,40,Middle Aged,Yes
22173,Married,Female,"$30,000.00",3,Yes,High School,Skilled Manual,No,2,1-2 Miles,Pacific,54,Middle Aged,Yes
25323,Married,Male,"$40,000.00",2,Yes,Partial College,Clerical,Yes,1,1-2 Miles,Europe,35,Middle Aged,Yes
23542,Single,Male,"$60,000.00",1,Yes,Partial College,Skilled Manual,No,1,0-1 Miles,Pacific,45,Middle Aged,Yes
20870,Single,Female,"$10,000.00",2,Yes,High School,Manual,Yes,1,0-1 Miles,Europe,38,Middle Aged,Yes
23316,Single,Male,"$30,000.00",3,Yes,Partial College,Clerical,No,2,1-2 Miles,Pacific,59,Old,Yes
27183,Single,Male,"$40,000.00",2,Yes,Partial College,Clerical,Yes,1,1-2 Miles,Europe,35,Middle Aged,Yes
25940,Single,Male,"$20,000.00",2,Yes,Partial High School,Clerical,Yes,2,5-10 Miles,Pacific,55,Old,Yes
25598,Married,Female,"$40,000.00",0,No,Graduate Degree,Clerical,Yes,0,0-1 Miles,Europe,36,Middle Aged,Yes
19193,Single,Male,"$40,000.00",2,Yes,Partial College,Clerical,Yes,0,1-2 Miles,Europe,35,Middle Aged,Yes
17841,Single,Male,"$30,000.00",0,No,Partial College,Clerical,No,1,0-1 Miles,Europe,29,Adolescent,Yes
16466,Single,Female,"$20,000.00",0,No,Partial High School,Manual,No,2,0-1 Miles,Europe,32,Middle Aged,Yes
22400,Married,Male,"$10,000.00",0,No,Partial College,Manual,No,1,0-1 Miles,Pacific,26,Adolescent,Yes
18484,Single,Male,"$80,000.00",2,Yes,High School,Skilled Manual,No,2,1-2 Miles,Pacific,50,Middle Aged,Yes
12291,Single,Male,"$90,000.00",5,Yes,Partial College,Professional,No,2,2-5 Miles,Europe,62,Old,Yes
17891,Married,Female,"$10,000.00",2,Yes,Partial College,Manual,Yes,1,0-1 Miles,Europe,50,Middle Aged,Yes
16259,Single,Female,"$10,000.00",4,Yes,Partial High School,Manual,Yes,2,0-1 Miles,Europe,40,Middle Aged,Yes
14347,Single,Female,"$40,000.00",2,Yes,Bachelors,Management,Yes,2,5-10 Miles,Pacific,65,Old,Yes
17185,Married,Female,"$170,000.00",4,Yes,Partial College,Professional,No,3,5-10 Miles,Europe,48,Middle Aged,Yes
29380,Married,Female,"$20,000.00",3,Yes,High School,Manual,Yes,0,0-1 Miles,Europe,41,Middle Aged,Yes
23986,Married,Female,"$20,000.00",1,Yes,Bachelors,Clerical,Yes,0,0-1 Miles,Europe,66,Old,Yes
24466,Married,Female,"$60,000.00",1,Yes,Partial College,Skilled Manual,Yes,1,5-10 Miles,Pacific,46,Middle Aged,Yes
29097,Single,Female,"$40,000.00",2,Yes,Partial College,Skilled Manual,Yes,2,5-10 Miles,Pacific,52,Middle Aged,Yes
14939,Single,Male,"$40,000.00",0,No,Bachelors,Clerical,Yes,0,0-1 Miles,Europe,39,Middle Aged,Yes
12808,Married,Male,"$40,000.00",0,No,Bachelors,Clerical,Yes,0,0-1 Miles,Europe,38,Middle Aged,Yes
20567,Married,Male,"$130,000.00",4,Yes,Partial College,Professional,No,4,5-10 Miles,Europe,61,Old,Yes
25502,Married,Female,"$40,000.00",1,Yes,Bachelors,Skilled Manual,Yes,0,0-1 Miles,Europe,43,Middle Aged,Yes
15580,Married,Male,"$60,000.00",2,Yes,Bachelors,Professional,Yes,1,2-5 Miles,Pacific,38,Middle Aged,Yes
16713,Married,Male,"$40,000.00",2,Yes,Bachelors,Management,Yes,1,0-1 Miles,Pacific,52,Middle Aged,Yes
14927,Married,Female,"$30,000.00",1,Yes,Bachelors,Clerical,Yes,0,0-1 Miles,Europe,37,Middle Aged,Yes
29355,Married,Female,"$40,000.00",0,No,Graduate Degree,Clerical,Yes,0,0-1 Miles,Europe,37,Middle Aged,Yes
25303,Single,Male,"$30,000.00",0,No,High School,Manual,Yes,1,2-5 Miles,Europe,33,Middle Aged,Yes
14813,Single,Female,"$20,000.00",4,Yes,High School,Manual,Yes,1,0-1 Miles,Europe,43,Middle Aged,Yes
14238,Married,Male,"$120,000.00",0,No,Partial High School,Professional,Yes,4,10 Miles +,Pacific,36,Middle Aged,Yes
26956,Single,Female,"$20,000.00",0,No,Partial College,Manual,No,1,2-5 Miles,Europe,36,Middle Aged,Yes
27969,Married,Male,"$80,000.00",0,No,Bachelors,Professional,Yes,2,10 Miles +,Pacific,29,Adolescent,Yes
15752,Married,Male,"$80,000.00",2,Yes,High School,Skilled Manual,No,2,1-2 Miles,Pacific,50,Middle Aged,Yes
27745,Single,Male,"$40,000.00",2,Yes,Bachelors,Management,Yes,2,5-10 Miles,Pacific,63,Old,Yes
20828,Married,Female,"$30,000.00",4,Yes,Graduate Degree,Clerical,Yes,0,0-1 Miles,Europe,45,Middle Aged,Yes
26941,Married,Male,"$30,000.00",0,No,Bachelors,Clerical,Yes,0,0-1 Miles,Europe,47,Middle Aged,Yes
24485,Single,Male,"$40,000.00",2,Yes,Bachelors,Management,No,1,5-10 Miles,Pacific,52,Middle Aged,Yes
16514,Single,Male,"$10,000.00",0,No,Partial College,Manual,Yes,1,1-2 Miles,Pacific,26,Adolescent,Yes
17191,Single,Male,"$130,000.00",3,Yes,Partial College,Professional,No,3,0-1 Miles,Europe,51,Middle Aged,Yes
25458,Married,Male,"$20,000.00",1,Yes,High School,Manual,No,1,1-2 Miles,Europe,40,Middle Aged,Yes
26886,Single,Female,"$30,000.00",0,No,Partial College,Clerical,No,1,0-1 Miles,Europe,29,Adolescent,Yes
28436,Single,Male,"$30,000.00",0,No,Partial College,Clerical,No,1,0-1 Miles,Europe,30,Adolescent,Yes
19562,Single,Female,"$60,000.00",2,Yes,Bachelors,Professional,Yes,1,2-5 Miles,Pacific,37,Middle Aged,Yes
23940,Married,Male,"$40,000.00",1,Yes,Bachelors,Skilled Manual,Yes,1,0-1 Miles,Europe,44,Middle Aged,Yes
19441,Married,Male,"$40,000.00",0,No,Graduate Degree,Clerical,Yes,0,0-1 Miles,Europe,25,Adolescent,Yes
20236,Single,Male,"$60,000.00",3,Yes,Bachelors,Professional,No,2,0-1 Miles,Pacific,43,Middle Aged,Yes
18491,Single,Female,"$70,000.00",2,Yes,High School,Professional,Yes,2,5-10 Miles,Pacific,49,Middle Aged,Yes
20430,Married,Male,"$70,000.00",2,Yes,Partial College,Skilled Manual,Yes,2,5-10 Miles,Pacific,52,Middle Aged,Yes
27494,Single,Female,"$40,000.00",2,Yes,Partial College,Skilled Manual,No,2,1-2 Miles,Pacific,53,Middle Aged,Yes
26829,Married,Female,"$40,000.00",0,No,Bachelors,Clerical,Yes,0,0-1 Miles,Europe,38,Middle Aged,Yes
28395,Single,Male,"$40,000.00",0,No,Bachelors,Professional,No,0,0-1 Miles,Europe,39,Middle Aged,Yes
21006,Single,Female,"$30,000.00",1,Yes,Partial College,Manual,No,0,0-1 Miles,Europe,46,Middle Aged,Yes
29191,Single,Female,"$130,000.00",1,Yes,Graduate Degree,Management,No,1,0-1 Miles,Pacific,36,Middle Aged,Yes
15030,Married,Male,"$20,000.00",0,No,Bachelors,Clerical,Yes,0,0-1 Miles,Pacific,26,Adolescent,Yes
24140,Single,Male,"$10,000.00",0,No,Graduate Degree,Manual,No,0,0-1 Miles,Europe,30,Adolescent,Yes
24065,Single,Female,"$20,000.00",0,No,High School,Manual,Yes,0,0-1 Miles,Europe,40,Middle Aged,Yes
22988,Married,Female,"$40,000.00",2,Yes,Bachelors,Management,Yes,2,5-10 Miles,Pacific,66,Old,Yes
27775,Single,Female,"$40,000.00",0,No,Bachelors,Clerical,No,0,0-1 Miles,Europe,38,Middle Aged,Yes
20970,Single,Male,"$10,000.00",2,Yes,Partial College,Manual,Yes,1,0-1 Miles,Europe,52,Middle Aged,Yes
26818,Single,Male,"$10,000.00",3,Yes,High School,Manual,Yes,1,0-1 Miles,Europe,39,Middle Aged,Yes
14192,Married,Male,"$90,000.00",4,Yes,High School,Management,Yes,3,5-10 Miles,Europe,56,Old,Yes
19477,Married,Male,"$40,000.00",0,No,Bachelors,Professional,Yes,0,0-1 Miles,Europe,40,Middle Aged,Yes
26796,Single,Male,"$40,000.00",2,Yes,Bachelors,Management,Yes,2,5-10 Miles,Pacific,65,Old,Yes
28683,Single,Female,"$10,000.00",1,Yes,High School,Manual,No,1,5-10 Miles,Europe,35,Middle Aged,Yes
24273,Married,Female,"$20,000.00",2,Yes,Partial High School,Clerical,Yes,2,5-10 Miles,Pacific,55,Old,Yes
26547,Single,Female,"$30,000.00",2,Yes,Partial College,Clerical,No,2,5-10 Miles,Pacific,60,Old,Yes
22500,Single,Male,"$40,000.00",0,No,Bachelors,Professional,No,0,0-1 Miles,Europe,40,Middle Aged,Yes
23993,Single,Female,"$10,000.00",0,No,Partial College,Manual,No,1,0-1 Miles,Pacific,26,Adolescent,Yes
14832,Married,Male,"$40,000.00",1,Yes,Bachelors,Skilled Manual,Yes,0,0-1 Miles,Europe,42,Middle Aged,Yes
20877,Single,Male,"$30,000.00",1,Yes,Bachelors,Clerical,Yes,0,1-2 Miles,Europe,37,Middle Aged,Yes
22464,Married,Male,"$40,000.00",0,No,Graduate Degree,Clerical,Yes,0,0-1 Miles,Europe,37,Middle Aged,Yes
19475,Married,Female,"$40,000.00",0,No,Bachelors,Professional,No,0,0-1 Miles,Europe,40,Middle Aged,Yes
26154,Married,Male,"$60,000.00",1,Yes,Partial College,Skilled Manual,Yes,1,5-10 Miles,Pacific,43,Middle Aged,Yes
14798,Single,Female,"$10,000.00",4,Yes,Partial High School,Manual,Yes,2,0-1 Miles,Europe,41,Middle Aged,Yes
25605,Single,Female,"$20,000.00",2,Yes,Partial College,Manual,No,1,0-1 Miles,Europe,54,Middle Aged,Yes
21980,Single,Female,"$60,000.00",1,Yes,Bachelors,Professional,Yes,1,5-10 Miles,Pacific,44,Middle Aged,Yes
25460,Married,Female,"$20,000.00",2,Yes,High School,Manual,Yes,0,0-1 Miles,Europe,40,Middle Aged,Yes
29181,Single,Female,"$60,000.00",2,Yes,Bachelors,Professional,No,1,0-1 Miles,Pacific,38,Middle Aged,Yes
22402,Married,Male,"$10,000.00",0,No,Partial College,Manual,Yes,1,2-5 Miles,Pacific,25,Adolescent,Yes
26757,Single,Male,"$90,000.00",1,Yes,Bachelors,Professional,Yes,1,2-5 Miles,Pacific,47,Middle Aged,Yes
14058,Single,Male,"$70,000.00",0,No,Bachelors,Professional,No,1,5-10 Miles,Pacific,41,Middle Aged,Yes
17203,Married,Female,"$130,000.00",4,Yes,Partial College,Professional,Yes,4,5-10 Miles,Europe,61,Old,Yes
19442,Single,Male,"$50,000.00",0,No,Graduate Degree,Skilled Manual,Yes,0,0-1 Miles,Europe,37,Middle Aged,Yes
17504,Single,Female,"$80,000.00",2,Yes,Partial College,Skilled Manual,Yes,2,5-10 Miles,Pacific,52,Middle Aged,Yes
12253,Single,Female,"$20,000.00",0,No,Partial College,Manual,Yes,0,0-1 Miles,Pacific,29,Adolescent,Yes
14191,Married,Male,"$160,000.00",4,Yes,Partial College,Professional,No,2,10 Miles +,Europe,55,Old,Yes
12212,Married,Female,"$10,000.00",0,No,Graduate Degree,Manual,Yes,0,0-1 Miles,Europe,37,Middle Aged,Yes
22170,Married,Female,"$30,000.00",3,Yes,Partial College,Clerical,No,2,1-2 Miles,Pacific,55,Old,Yes
15265,Single,Male,"$40,000.00",2,Yes,Bachelors,Management,Yes,2,5-10 Miles,Pacific,66,Old,Yes
15799,Married,Female,"$90,000.00",1,Yes,Bachelors,Professional,Yes,1,2-5 Miles,Pacific,47,Middle Aged,Yes
11047,Married,Female,"$30,000.00",3,Yes,High School,Skilled Manual,No,2,1-2 Miles,Pacific,56,Old,Yes
20606,Married,Female,"$70,000.00",0,No,Bachelors,Professional,Yes,4,10 Miles +,Pacific,32,Middle Aged,Yes
19482,Married,Male,"$30,000.00",1,Yes,Partial College,Clerical,Yes,1,0-1 Miles,Europe,44,Middle Aged,Yes
26944,Single,Male,"$90,000.00",2,Yes,High School,Manual,Yes,0,0-1 Miles,Europe,36,Middle Aged,Yes
25559,Single,Male,"$20,000.00",0,No,Bachelors,Clerical,Yes,0,0-1 Miles,Pacific,25,Adolescent,Yes
11147,Married,Male,"$60,000.00",2,Yes,Graduate Degree,Management,Yes,1,0-1 Miles,Pacific,67,Old,Yes
15214,Single,Female,"$100,000.00",0,No,Graduate Degree,Management,No,1,1-2 Miles,Pacific,39,Middle Aged,Yes
11453,Single,Male,"$80,000.00",0,No,Bachelors,Professional,No,3,10 Miles +,Pacific,33,Middle Aged,Yes
12585,Married,Male,"$10,000.00",1,Yes,High School,Manual,Yes,0,2-5 Miles,Pacific,27,Adolescent,Yes
18626,Single,Male,"$40,000.00",2,Yes,Partial College,Clerical,Yes,0,1-2 Miles,Europe,33,Middle Aged,Yes
29298,Single,Female,"$60,000.00",1,Yes,Partial College,Skilled Manual,Yes,1,5-10 Miles,Pacific,46,Middle Aged,Yes
15657,Married,Male,"$30,000.00",3,Yes,Graduate Degree,Clerical,Yes,0,0-1 Miles,Europe,46,Middle Aged,Yes
28729,Single,Female,"$20,000.00",0,No,Partial High School,Manual,Yes,2,1-2 Miles,Europe,26,Adolescent,Yes
22633,Single,Female,"$40,000.00",0,No,Graduate Degree,Clerical,Yes,0,0-1 Miles,Europe,37,Middle Aged,Yes
25649,Single,Female,"$30,000.00",3,Yes,Partial College,Clerical,Yes,0,0-1 Miles,Europe,42,Middle Aged,Yes
19299,Married,Female,"$50,000.00",0,No,Graduate Degree,Skilled Manual,Yes,0,0-1 Miles,Europe,36,Middle Aged,Yes
11451,Single,Male,"$70,000.00",0,No,Bachelors,Professional,No,4,10 Miles +,Pacific,31,Middle Aged,Yes
25553,Married,Male,"$30,000.00",1,Yes,Bachelors,Clerical,Yes,0,0-1 Miles,Europe,65,Old,Yes
27951,Single,Male,"$80,000.00",4,Yes,Partial College,Professional,No,2,2-5 Miles,Europe,54,Middle Aged,Yes
22399,Single,Male,"$10,000.00",0,No,Partial College,Manual,Yes,1,1-2 Miles,Pacific,26,Adolescent,Yes
27696,Married,Male,"$60,000.00",1,Yes,Bachelors,Professional,Yes,1,5-10 Miles,Pacific,43,Middle Aged,Yes
12833,Single,Female,"$20,000.00",3,Yes,High School,Manual,Yes,1,0-1 Miles,Europe,42,Middle Aged,Yes
14777,Married,Female,"$40,000.00",0,No,Bachelors,Clerical,Yes,0,0-1 Miles,Europe,38,Middle Aged,Yes
24174,Married,Male,"$20,000.00",0,No,Bachelors,Clerical,Yes,0,0-1 Miles,Pacific,27,Adolescent,Yes
24611,Single,Male,"$90,000.00",0,No,Bachelors,Professional,No,4,10 Miles +,Pacific,35,Middle Aged,Yes
11340,Married,Female,"$10,000.00",1,Yes,Graduate Degree,Clerical,Yes,0,0-1 Miles,Europe,70,Old,Yes
25693,Single,Female,"$30,000.00",5,Yes,Graduate Degree,Clerical,Yes,0,0-1 Miles,Europe,44,Middle Aged,Yes
25555,Married,Female,"$10,000.00",0,No,Partial College,Manual,No,1,0-1 Miles,Pacific,26,Adolescent,Yes
20060,Single,Female,"$30,000.00",0,No,High School,Manual,No,1,2-5 Miles,Europe,34,Middle Aged,Yes
23908,Single,Male,"$30,000.00",1,Yes,Bachelors,Clerical,No,1,0-1 Miles,Europe,39,Middle Aged,Yes
19057,Married,Female,"$120,000.00",3,Yes,Bachelors,Management,No,2,10 Miles +,Europe,52,Middle Aged,Yes
18494,Married,Male,"$110,000.00",5,Yes,Bachelors,Management,Yes,4,2-5 Miles,Pacific,48,Middle Aged,Yes
11249,Married,Female,"$130,000.00",3,Yes,Partial College,Professional,Yes,3,0-1 Miles,Europe,51,Middle Aged,Yes
21568,Married,Female,"$100,000.00",0,No,High School,Management,Yes,4,10 Miles +,Pacific,34,Middle Aged,Yes
23432,Single,Male,"$70,000.00",0,No,Bachelors,Professional,Yes,1,5-10 Miles,Pacific,37,Middle Aged,Yes
22931,Married,Male,"$100,000.00",5,Yes,Graduate Degree,Management,No,1,1-2 Miles,Pacific,78,Old,Yes
20598,Married,Male,"$100,000.00",3,Yes,Partial High School,Professional,Yes,0,10 Miles +,Europe,59,Old,Yes
20839,Single,Female,"$30,000.00",3,Yes,Graduate Degree,Clerical,Yes,0,0-1 Miles,Europe,47,Middle Aged,Yes
14164,Single,Female,"$50,000.00",0,No,Graduate Degree,Skilled Manual,Yes,0,0-1 Miles,Europe,36,Middle Aged,Yes
12705,Married,Male,"$150,000.00",0,No,Bachelors,Management,Yes,4,0-1 Miles,Pacific,37,Middle Aged,Yes
26219,Married,Female,"$40,000.00",1,Yes,Bachelors,Skilled Manual,Yes,1,1-2 Miles,Europe,33,Middle Aged,Yes
17964,Married,Male,"$40,000.00",0,No,Graduate Degree,Clerical,Yes,0,0-1 Miles,Europe,37,Middle Aged,Yes
13133,Single,Male,"$100,000.00",5,Yes,Bachelors,Professional,Yes,1,5-10 Miles,Pacific,47,Middle Aged,Yes
21039,Single,Female,"$50,000.00",0,No,Graduate Degree,Skilled Manual,No,0,0-1 Miles,Europe,37,Middle Aged,Yes
12231,Single,Female,"$10,000.00",2,Yes,Partial College,Manual,Yes,0,0-1 Miles,Europe,51,Middle Aged,Yes
24061,Married,Male,"$10,000.00",4,Yes,Partial High School,Manual,Yes,1,0-1 Miles,Europe,40,Middle Aged,Yes
12284,Married,Female,"$30,000.00",0,No,Bachelors,Clerical,No,0,0-1 Miles,Europe,36,Middle Aged,Yes
26654,Married,Female,"$90,000.00",1,Yes,Graduate Degree,Management,Yes,0,0-1 Miles,Pacific,37,Middle Aged,Yes
24201,Married,Female,"$10,000.00",2,Yes,High School,Manual,Yes,0,0-1 Miles,Europe,37,Middle Aged,Yes
20625,Married,Male,"$100,000.00",0,No,High School,Management,Yes,3,10 Miles +,Pacific,35,Middle Aged,Yes
16390,Single,Male,"$30,000.00",1,Yes,Bachelors,Clerical,No,0,0-1 Miles,Europe,38,Middle Aged,Yes
24187,Single,Female,"$30,000.00",3,Yes,Graduate Degree,Clerical,No,0,0-1 Miles,Europe,46,Middle Aged,Yes
29094,Married,Male,"$30,000.00",3,Yes,High School,Skilled Manual,Yes,2,5-10 Miles,Pacific,54,Middle Aged,Yes
28319,Single,Female,"$60,000.00",1,Yes,Partial College,Skilled Manual,No,1,0-1 Miles,Pacific,46,Middle Aged,Yes
16406,Married,Male,"$40,000.00",0,No,Bachelors,Clerical,No,0,0-1 Miles,Europe,38,Middle Aged,Yes
20923,Married,Female,"$40,000.00",1,Yes,Bachelors,Skilled Manual,Yes,0,0-1 Miles,Europe,42,Middle Aged,Yes
11378,Single,Female,"$10,000.00",1,Yes,High School,Manual,No,1,2-5 Miles,Europe,46,Middle Aged,Yes
20851,Single,Male,"$20,000.00",0,No,Partial College,Manual,No,1,2-5 Miles,Europe,36,Middle Aged,Yes
21557,Single,Female,"$110,000.00",0,No,Partial College,Management,Yes,3,10 Miles +,Pacific,32,Middle Aged,Yes
26663,Single,Female,"$60,000.00",2,Yes,Bachelors,Professional,No,1,0-1 Miles,Pacific,39,Middle Aged,Yes
11896,Married,Male,"$100,000.00",1,Yes,Graduate Degree,Management,Yes,0,2-5 Miles,Pacific,36,Middle Aged,Yes
14189,Married,Female,"$90,000.00",4,Yes,High School,Professional,No,2,2-5 Miles,Europe,54,Middle Aged,Yes
17926,Single,Female,"$40,000.00",0,No,Bachelors,Clerical,No,0,0-1 Miles,Pacific,28,Adolescent,Yes
26928,Single,Male,"$30,000.00",1,Yes,Bachelors,Clerical,Yes,0,0-1 Miles,Europe,62,Old,Yes
28207,Married,Male,"$80,000.00",4,Yes,Graduate Degree,Management,Yes,1,0-1 Miles,Pacific,36,Middle Aged,Yes
11000,Married,Male,"$90,000.00",2,Yes,Bachelors,Professional,Yes,0,1-2 Miles,Pacific,40,Middle Aged,Yes
28758,Married,Male,"$40,000.00",2,Yes,Partial College,Clerical,Yes,1,1-2 Miles,Europe,35,Middle Aged,Yes
11381,Married,Female,"$20,000.00",2,Yes,Partial College,Manual,Yes,1,2-5 Miles,Europe,47,Middle Aged,Yes
28102,Married,Male,"$20,000.00",4,Yes,High School,Skilled Manual,Yes,2,5-10 Miles,Pacific,58,Old,Yes
23105,Single,Male,"$40,000.00",3,Yes,Partial High School,Clerical,No,2,5-10 Miles,Pacific,52,Middle Aged,Yes
18740,Married,Male,"$80,000.00",5,Yes,Bachelors,Professional,No,1,0-1 Miles,Pacific,47,Middle Aged,Yes
17352,Married,Male,"$50,000.00",2,Yes,Graduate Degree,Management,Yes,1,5-10 Miles,Pacific,64,Old,Yes
14154,Married,Male,"$30,000.00",0,No,Bachelors,Clerical,Yes,0,0-1 Miles,Europe,35,Middle Aged,Yes
20228,Married,Male,"$100,000.00",0,No,Graduate Degree,Management,Yes,0,2-5 Miles,Pacific,40,Middle Aged,Yes
16675,Single,Female,"$160,000.00",0,No,Graduate Degree,Management,No,3,0-1 Miles,Pacific,47,Middle Aged,Yes
16410,Single,Female,"$10,000.00",4,Yes,Partial High School,Manual,Yes,2,0-1 Miles,Europe,41,Middle Aged,Yes
27760,Single,Female,"$40,000.00",0,No,Graduate Degree,Clerical,No,0,0-1 Miles,Europe,37,Middle Aged,Yes
22930,Married,Male,"$90,000.00",4,Yes,Bachelors,Professional,Yes,0,1-2 Miles,Pacific,38,Middle Aged,Yes
23780,Single,Male,"$40,000.00",2,Yes,Partial College,Clerical,No,2,0-1 Miles,Europe,36,Middle Aged,Yes
20994,Married,Female,"$20,000.00",0,No,Bachelors,Clerical,No,0,0-1 Miles,Pacific,26,Adolescent,Yes
11489,Single,Female,"$20,000.00",0,No,Partial High School,Manual,No,2,1-2 Miles,Europe,35,Middle Aged,Yes
18160,Married,Male,"$130,000.00",3,Yes,High School,Professional,Yes,4,5-10 Miles,Europe,51,Middle Aged,Yes
15926,Single,Female,"$120,000.00",3,Yes,High School,Professional,Yes,4,5-10 Miles,Europe,50,Middle Aged,Yes
19174,Single,Female,"$30,000.00",0,No,High School,Manual,No,1,2-5 Miles,Europe,32,Middle Aged,Yes
17848,Single,Male,"$30,000.00",0,No,Partial College,Clerical,No,1,2-5 Miles,Europe,31,Middle Aged,Yes
17894,Married,Female,"$20,000.00",1,Yes,Bachelors,Clerical,Yes,0,0-1 Miles,Europe,50,Middle Aged,Yes
25651,Married,Male,"$40,000.00",1,Yes,Bachelors,Skilled Manual,No,0,0-1 Miles,Europe,43,Middle Aged,Yes
22936,Single,Female,"$60,000.00",1,Yes,Partial College,Skilled Manual,No,1,0-1 Miles,Pacific,45,Middle Aged,Yes
24121,Single,Female,"$30,000.00",0,No,Partial College,Clerical,No,1,0-1 Miles,Europe,29,Adolescent,Yes
27878,Single,Male,"$20,000.00",0,No,Partial College,Manual,No,0,0-1 Miles,Pacific,28,Adolescent,Yes
13572,Single,Male,"$10,000.00",3,Yes,High School,Manual,Yes,0,0-1 Miles,Europe,37,Middle Aged,Yes
26354,Single,Male,"$40,000.00",0,No,Graduate Degree,Clerical,No,0,0-1 Miles,Europe,38,Middle Aged,Yes
23608,Married,Female,"$150,000.00",3,Yes,High School,Professional,Yes,3,0-1 Miles,Europe,51,Middle Aged,Yes
12332,Married,Male,"$90,000.00",4,Yes,High School,Management,Yes,3,5-10 Miles,Europe,58,Old,Yes
13082,Single,Male,"$130,000.00",0,No,Graduate Degree,Management,Yes,0,2-5 Miles,Pacific,48,Middle Aged,Yes
22518,Single,Female,"$30,000.00",3,Yes,Partial College,Clerical,No,2,0-1 Miles,Europe,27,Adolescent,Yes
13687,Married,Male,"$40,000.00",1,Yes,Bachelors,Skilled Manual,Yes,1,0-1 Miles,Europe,33,Middle Aged,Yes
23571,Married,Female,"$40,000.00",2,Yes,Bachelors,Management,Yes,2,0-1 Miles,Pacific,66,Old,Yes
19305,Single,Female,"$10,000.00",2,Yes,High School,Manual,Yes,1,0-1 Miles,Europe,38,Middle Aged,Yes
22636,Single,Female,"$40,000.00",0,No,Bachelors,Clerical,No,0,0-1 Miles,Europe,38,Middle Aged,Yes
17310,Married,Male,"$60,000.00",1,Yes,Partial College,Skilled Manual,Yes,1,0-1 Miles,Pacific,45,Middle Aged,Yes
12133,Married,Female,"$130,000.00",3,Yes,Partial College,Professional,Yes,3,5-10 Miles,Europe,50,Middle Aged,Yes
25918,Single,Female,"$30,000.00",2,Yes,Partial College,Clerical,No,2,5-10 Miles,Pacific,60,Old,Yes
25752,Single,Female,"$20,000.00",2,Yes,Partial College,Manual,No,1,0-1 Miles,Europe,53,Middle Aged,Yes
12510,Married,Male,"$40,000.00",1,Yes,Bachelors,Skilled Manual,Yes,1,0-1 Miles,Europe,43,Middle Aged,Yes
20977,Married,Male,"$20,000.00",1,Yes,Bachelors,Clerical,Yes,0,0-1 Miles,Europe,64,Old,Yes
18140,Married,Male,"$130,000.00",3,Yes,Partial College,Professional,No,3,5-10 Miles,Europe,51,Middle Aged,Yes
13620,Single,Male,"$70,000.00",0,No,Bachelors,Professional,No,3,10 Miles +,Pacific,30,Adolescent,Yes
17978,Married,Male,"$40,000.00",0,No,Graduate Degree,Clerical,Yes,0,0-1 Miles,Europe,37,Middle Aged,Yes
12581,Single,Female,"$10,000.00",0,No,Partial College,Manual,No,1,0-1 Miles,Pacific,28,Adolescent,Yes
28957,Single,Female,"$120,000.00",0,No,Partial High School,Professional,Yes,4,10 Miles +,Pacific,34,Middle Aged,Yes
13690,Single,Female,"$20,000.00",0,No,Partial High School,Manual,No,2,1-2 Miles,Europe,34,Middle Aged,Yes
13122,Married,Female,"$80,000.00",0,No,Bachelors,Professional,Yes,1,1-2 Miles,Pacific,41,Middle Aged,Yes
26150,Single,Female,"$70,000.00",0,No,Bachelors,Professional,No,1,0-1 Miles,Pacific,41,Middle Aged,Yes
17793,Married,Female,"$40,000.00",0,No,Bachelors,Clerical,Yes,0,0-1 Miles,Europe,38,Middle Aged,Yes
14926,Married,Male,"$30,000.00",1,Yes,Bachelors,Clerical,Yes,0,0-1 Miles,Europe,38,Middle Aged,Yes
16163,Single,Male,"$60,000.00",2,Yes,Bachelors,Professional,Yes,1,2-5 Miles,Pacific,38,Middle Aged,Yes
27771,Single,Male,"$30,000.00",1,Yes,Bachelors,Clerical,Yes,1,1-2 Miles,Europe,39,Middle Aged,Yes
26167,Single,Female,"$40,000.00",2,Yes,Bachelors,Management,No,1,5-10 Miles,Pacific,53,Middle Aged,Yes
22174,Married,Male,"$30,000.00",3,Yes,High School,Skilled Manual,Yes,2,5-10 Miles,Pacific,54,Middle Aged,Yes
22439,Married,Female,"$30,000.00",0,No,Bachelors,Clerical,Yes,0,0-1 Miles,Europe,37,Middle Aged,Yes
27582,Single,Female,"$90,000.00",2,Yes,Bachelors,Professional,No,0,0-1 Miles,Pacific,36,Middle Aged,Yes
20171,Married,Female,"$20,000.00",2,Yes,Partial College,Manual,Yes,1,0-1 Miles,Europe,46,Middle Aged,Yes
17960,Married,Female,"$40,000.00",0,No,Graduate Degree,Clerical,Yes,0,0-1 Miles,Europe,35,Middle Aged,Yes
11897,Single,Male,"$60,000.00",2,Yes,Bachelors,Professional,No,1,0-1 Miles,Pacific,37,Middle Aged,Yes
11576,Married,Male,"$30,000.00",1,Yes,Bachelors,Skilled Manual,Yes,2,0-1 Miles,Europe,41,Middle Aged,Yes
19255,Single,Male,"$10,000.00",2,Yes,Partial College,Manual,Yes,1,0-1 Miles,Europe,51,Middle Aged,Yes
24901,Single,Male,"$110,000.00",0,No,Partial College,Management,No,3,10 Miles +,Pacific,32,Middle Aged,Yes
27169,Single,Male,"$30,000.00",0,No,High School,Manual,Yes,1,2-5 Miles,Europe,34,Middle Aged,Yes
17048,Single,Female,"$90,000.00",1,Yes,Graduate Degree,Management,Yes,0,0-1 Miles,Pacific,36,Middle Aged,Yes
28488,Single,Male,"$20,000.00",0,No,Partial College,Manual,Yes,0,0-1 Miles,Pacific,28,Adolescent,Yes
21891,Married,Female,"$110,000.00",0,No,High School,Management,Yes,3,10 Miles +,Pacific,34,Middle Aged,Yes
22175,Married,Female,"$30,000.00",3,Yes,High School,Skilled Manual,Yes,2,5-10 Miles,Pacific,53,Middle Aged,Yes
19784,Married,Female,"$80,000.00",2,Yes,High School,Skilled Manual,Yes,2,5-10 Miles,Pacific,50,Middle Aged,Yes
27824,Single,Female,"$30,000.00",3,Yes,Partial College,Clerical,Yes,2,0-1 Miles,Europe,28,Adolescent,Yes
24093,Single,Female,"$80,000.00",0,No,Graduate Degree,Skilled Manual,No,0,0-1 Miles,Europe,40,Middle Aged,Yes
21561,Single,Male,"$90,000.00",0,No,Bachelors,Professional,No,3,10 Miles +,Pacific,34,Middle Aged,Yes
11061,Married,Male,"$70,000.00",2,Yes,Partial College,Skilled Manual,Yes,2,5-10 Miles,Pacific,52,Middle Aged,Yes
26651,Single,Male,"$80,000.00",4,Yes,Graduate Degree,Management,Yes,0,0-1 Miles,Pacific,36,Middle Aged,Yes
21108,Married,Female,"$40,000.00",1,Yes,Bachelors,Skilled Manual,Yes,1,0-1 Miles,Europe,43,Middle Aged,Yes
25307,Married,Female,"$40,000.00",1,Yes,Bachelors,Skilled Manual,Yes,1,1-2 Miles,Europe,32,Middle Aged,Yes
20711,Married,Female,"$40,000.00",1,Yes,Bachelors,Skilled Manual,Yes,0,1-2 Miles,Europe,32,Middle Aged,Yes
16559,Single,Female,"$10,000.00",2,Yes,High School,Manual,Yes,0,0-1 Miles,Europe,36,Middle Aged,Yes
13585,Married,Female,"$80,000.00",4,Yes,Partial College,Professional,No,1,2-5 Miles,Europe,53,Middle Aged,Yes
21560,Married,Male,"$120,000.00",0,No,Partial High School,Professional,Yes,4,10 Miles +,Pacific,32,Middle Aged,Yes
13662,Single,Male,"$20,000.00",0,No,Partial High School,Manual,Yes,2,1-2 Miles,Europe,31,Middle Aged,Yes
13089,Married,Female,"$120,000.00",1,Yes,Bachelors,Management,Yes,2,0-1 Miles,Pacific,46,Middle Aged,Yes
14791,Married,Female,"$40,000.00",0,No,Bachelors,Clerical,Yes,0,0-1 Miles,Europe,39,Middle Aged,Yes
17754,Single,Female,"$30,000.00",3,Yes,Bachelors,Clerical,Yes,0,0-1 Miles,Europe,46,Middle Aged,Yes
16549,Single,Female,"$30,000.00",3,Yes,Bachelors,Clerical,Yes,0,0-1 Miles,Europe,47,Middle Aged,Yes
24305,Single,Male,"$100,000.00",1,Yes,Bachelors,Management,No,3,0-1 Miles,Pacific,46,Middle Aged,Yes
28323,Single,Male,"$70,000.00",0,No,Bachelors,Professional,No,2,5-10 Miles,Pacific,43,Middle Aged,Yes
22634,Single,Female,"$40,000.00",0,No,Graduate Degree,Clerical,Yes,0,0-1 Miles,Europe,38,Middle Aged,Yes
15665,Married,Female,"$30,000.00",0,No,Bachelors,Clerical,Yes,0,0-1 Miles,Europe,47,Middle Aged,Yes
27585,Married,Female,"$90,000.00",2,Yes,Bachelors,Professional,No,0,0-1 Miles,Pacific,36,Middle Aged,Yes
21974,Single,Female,"$70,000.00",0,No,Bachelors,Professional,Yes,1,5-10 Miles,Pacific,42,Middle Aged,Yes
14032,Married,Male,"$70,000.00",2,Yes,High School,Skilled Manual,No,2,1-2 Miles,Pacific,50,Middle Aged,Yes
22610,Married,Male,"$30,000.00",0,No,Bachelors,Clerical,Yes,0,0-1 Miles,Europe,35,Middle Aged,Yes
26984,Married,Male,"$40,000.00",1,Yes,Bachelors,Skilled Manual,Yes,1,0-1 Miles,Europe,32,Middle Aged,Yes
28564,Single,Female,"$40,000.00",2,Yes,Partial College,Clerical,Yes,0,1-2 Miles,Europe,33,Middle Aged,Yes
28521,Single,Male,"$40,000.00",0,No,Graduate Degree,Clerical,No,0,0-1 Miles,Europe,36,Middle Aged,Yes
25681,Single,Female,"$30,000.00",0,No,Partial College,Clerical,No,1,2-5 Miles,Europe,31,Middle Aged,Yes
26238,Single,Female,"$40,000.00",3,Yes,Partial College,Clerical,Yes,1,1-2 Miles,North America,31,Middle Aged,Yes
23707,Single,Male,"$70,000.00",5,Yes,Bachelors,Management,Yes,3,10 Miles +,North America,60,Old,Yes
20678,Single,Female,"$60,000.00",3,Yes,Bachelors,Skilled Manual,Yes,1,2-5 Miles,North America,40,Middle Aged,Yes
15302,Single,Female,"$70,000.00",1,Yes,Graduate Degree,Professional,Yes,0,2-5 Miles,North America,34,Middle Aged,Yes
26012,Married,Male,"$80,000.00",1,Yes,Partial College,Skilled Manual,Yes,1,2-5 Miles,North America,48,Middle Aged,Yes
26575,Single,Female,"$40,000.00",0,No,High School,Skilled Manual,No,2,1-2 Miles,North America,31,Middle Aged,Yes
20339,Married,Female,"$130,000.00",1,Yes,Bachelors,Management,Yes,4,2-5 Miles,North America,44,Middle Aged,Yes
25405,Married,Male,"$70,000.00",2,Yes,Bachelors,Skilled Manual,Yes,1,2-5 Miles,North America,38,Middle Aged,Yes
25074,Married,Female,"$70,000.00",4,Yes,Bachelors,Professional,Yes,2,2-5 Miles,North America,42,Middle Aged,Yes
24738,Married,Female,"$40,000.00",1,Yes,Partial College,Clerical,Yes,1,1-2 Miles,North America,51,Middle Aged,Yes
24357,Married,Male,"$80,000.00",3,Yes,Bachelors,Professional,Yes,1,2-5 Miles,North America,48,Middle Aged,Yes
18613,Single,Male,"$70,000.00",0,No,Bachelors,Professional,No,1,2-5 Miles,North America,37,Middle Aged,Yes
12207,Single,Male,"$80,000.00",4,Yes,Bachelors,Management,Yes,0,5-10 Miles,North America,66,Old,Yes
18052,Married,Female,"$60,000.00",1,Yes,Partial College,Skilled Manual,Yes,1,0-1 Miles,North America,45,Middle Aged,Yes
13353,Single,Female,"$60,000.00",4,Yes,Graduate Degree,Management,Yes,2,10 Miles +,North America,61,Old,Yes
17269,Single,Male,"$60,000.00",3,Yes,Bachelors,Professional,No,0,0-1 Miles,North America,47,Middle Aged,Yes
23586,Married,Female,"$80,000.00",0,No,Bachelors,Management,Yes,1,1-2 Miles,North America,34,Middle Aged,Yes
18976,Single,Male,"$40,000.00",4,Yes,High School,Professional,Yes,2,10 Miles +,North America,62,Old,Yes
19413,Single,Male,"$60,000.00",3,Yes,Bachelors,Professional,No,1,0-1 Miles,North America,47,Middle Aged,Yes
13283,Married,Male,"$80,000.00",3,Yes,Partial College,Professional,No,2,0-1 Miles,North America,49,Middle Aged,Yes
16791,Single,Male,"$60,000.00",5,Yes,Bachelors,Management,Yes,3,10 Miles +,North America,59,Old,Yes
13233,Married,Male,"$60,000.00",2,Yes,Partial College,Professional,Yes,1,10 Miles +,North America,57,Old,Yes
25909,Married,Male,"$60,000.00",0,No,Partial College,Skilled Manual,Yes,1,5-10 Miles,North America,27,Adolescent,Yes
29143,Single,Female,"$60,000.00",1,Yes,Bachelors,Professional,No,1,0-1 Miles,North America,44,Middle Aged,Yes
13907,Single,Female,"$80,000.00",3,Yes,Bachelors,Skilled Manual,Yes,1,0-1 Miles,North America,41,Middle Aged,Yes
14900,Married,Female,"$40,000.00",1,Yes,Partial College,Clerical,Yes,1,1-2 Miles,North America,49,Middle Aged,Yes
22294,Single,Female,"$70,000.00",0,No,Bachelors,Professional,No,1,2-5 Miles,North America,37,Middle Aged,Yes
15529,Married,Male,"$60,000.00",4,Yes,Bachelors,Professional,Yes,2,2-5 Miles,North America,43,Middle Aged,Yes
19884,Married,Male,"$60,000.00",2,Yes,High School,Professional,Yes,2,2-5 Miles,North America,55,Old,Yes
13453,Married,Female,"$130,000.00",3,Yes,Bachelors,Management,Yes,3,0-1 Miles,North America,45,Middle Aged,Yes
14063,Single,Female,"$70,000.00",0,No,Bachelors,Professional,No,1,0-1 Miles,Pacific,42,Middle Aged,Yes
14417,Single,Male,"$60,000.00",3,Yes,High School,Professional,Yes,2,10 Miles +,North America,54,Middle Aged,Yes
17533,Married,Male,"$40,000.00",3,Yes,Partial College,Professional,No,2,5-10 Miles,North America,73,Old,Yes
18580,Married,Female,"$60,000.00",2,Yes,Graduate Degree,Professional,Yes,0,2-5 Miles,North America,40,Middle Aged,Yes
17025,Single,Male,"$50,000.00",0,No,Partial College,Skilled Manual,No,1,2-5 Miles,North America,39,Middle Aged,Yes
18560,Married,Female,"$70,000.00",2,Yes,Graduate Degree,Professional,Yes,0,2-5 Miles,North America,34,Middle Aged,Yes
14495,Married,Male,"$40,000.00",3,Yes,Partial College,Professional,No,2,5-10 Miles,North America,54,Middle Aged,Yes
14754,Married,Male,"$40,000.00",1,Yes,Partial College,Clerical,Yes,1,1-2 Miles,North America,48,Middle Aged,Yes
23378,Married,Male,"$70,000.00",1,Yes,Partial College,Skilled Manual,Yes,1,2-5 Miles,North America,44,Middle Aged,Yes
21266,Single,Female,"$80,000.00",0,No,Bachelors,Management,Yes,1,1-2 Miles,North America,34,Middle Aged,Yes
28667,Single,Male,"$70,000.00",2,Yes,Bachelors,Skilled Manual,No,1,0-1 Miles,North America,37,Middle Aged,Yes
15194,Single,Male,"$120,000.00",2,Yes,Bachelors,Management,No,3,0-1 Miles,North America,39,Middle Aged,Yes
16871,Married,Female,"$90,000.00",2,Yes,High School,Professional,Yes,1,10 Miles +,North America,51,Middle Aged,Yes
23158,Married,Female,"$60,000.00",1,Yes,Graduate Degree,Professional,No,0,0-1 Miles,North America,35,Middle Aged,Yes
18545,Married,Male,"$40,000.00",4,Yes,High School,Professional,No,2,10 Miles +,North America,61,Old,Yes
19812,Single,Female,"$70,000.00",2,Yes,Partial College,Professional,Yes,0,5-10 Miles,North America,49,Middle Aged,Yes
28997,Single,Male,"$40,000.00",2,Yes,High School,Professional,No,1,2-5 Miles,North America,58,Old,Yes
19002,Married,Female,"$60,000.00",2,Yes,Partial College,Professional,Yes,1,2-5 Miles,North America,57,Old,Yes
18858,Single,Male,"$60,000.00",2,Yes,Partial High School,Skilled Manual,Yes,2,5-10 Miles,North America,52,Middle Aged,Yes
20000,Married,Male,"$60,000.00",1,Yes,Graduate Degree,Professional,Yes,0,0-1 Miles,North America,35,Middle Aged,Yes
17458,Single,Male,"$70,000.00",3,Yes,High School,Professional,Yes,0,5-10 Miles,North America,52,Middle Aged,Yes
16145,Single,Female,"$70,000.00",5,Yes,Graduate Degree,Professional,Yes,3,10 Miles +,North America,46,Middle Aged,Yes
16890,Married,Male,"$60,000.00",3,Yes,Partial High School,Skilled Manual,Yes,2,5-10 Miles,North America,52,Middle Aged,Yes
22994,Married,Female,"$80,000.00",0,No,Bachelors,Management,Yes,1,1-2 Miles,North America,34,Middle Aged,Yes
25184,Single,Male,"$110,000.00",1,Yes,Partial College,Professional,Yes,4,5-10 Miles,North America,45,Middle Aged,Yes
11538,Single,Female,"$60,000.00",4,Yes,Graduate Degree,Skilled Manual,No,0,0-1 Miles,North America,47,Middle Aged,Yes
17858,Married,Male,"$40,000.00",4,Yes,High School,Skilled Manual,Yes,2,2-5 Miles,North America,44,Middle Aged,Yes
11259,Married,Female,"$100,000.00",4,Yes,Partial College,Professional,Yes,4,2-5 Miles,North America,41,Middle Aged,Yes
25943,Single,Female,"$70,000.00",0,No,Partial College,Skilled Manual,No,2,0-1 Miles,North America,27,Adolescent,Yes
29255,Single,Male,"$80,000.00",3,Yes,Partial College,Professional,No,1,1-2 Miles,North America,51,Middle Aged,Yes
22088,Married,Female,"$130,000.00",1,Yes,Bachelors,Management,Yes,2,0-1 Miles,North America,45,Middle Aged,Yes
29237,Single,Female,"$120,000.00",4,Yes,Partial College,Professional,Yes,3,5-10 Miles,North America,43,Middle Aged,Yes
18949,Single,Male,"$70,000.00",0,No,Graduate Degree,Management,Yes,2,5-10 Miles,North America,74,Old,Yes
25886,Married,Female,"$60,000.00",2,Yes,Partial College,Professional,Yes,2,2-5 Miles,North America,56,Old,Yes
21741,Married,Female,"$70,000.00",3,Yes,Partial College,Professional,Yes,2,5-10 Miles,North America,50,Middle Aged,Yes
14572,Married,Female,"$70,000.00",3,Yes,Graduate Degree,Professional,Yes,0,2-5 Miles,North America,35,Middle Aged,Yes
25872,Single,Female,"$70,000.00",2,Yes,Bachelors,Management,No,1,2-5 Miles,North America,58,Old,Yes
19164,Single,Female,"$70,000.00",0,No,Bachelors,Professional,No,1,2-5 Miles,North America,38,Middle Aged,Yes
18435,Single,Female,"$70,000.00",5,Yes,Graduate Degree,Management,Yes,2,10 Miles +,North America,67,Old,Yes
14284,Single,Male,"$60,000.00",0,No,Partial College,Professional,No,2,1-2 Miles,North America,32,Middle Aged,Yes
13066,Single,Male,"$30,000.00",0,No,High School,Skilled Manual,No,2,1-2 Miles,North America,31,Middle Aged,Yes
29106,Single,Male,"$40,000.00",0,No,High School,Skilled Manual,No,2,1-2 Miles,North America,31,Middle Aged,Yes
19133,Single,Male,"$50,000.00",2,Yes,Bachelors,Skilled Manual,Yes,1,2-5 Miles,North America,38,Middle Aged,Yes
21599,Married,Female,"$60,000.00",1,Yes,Graduate Degree,Professional,Yes,0,2-5 Miles,North America,36,Middle Aged,Yes
22976,Single,Male,"$40,000.00",0,No,High School,Skilled Manual,No,2,0-1 Miles,North America,28,Adolescent,Yes
28580,Married,Female,"$80,000.00",0,No,Graduate Degree,Skilled Manual,Yes,0,1-2 Miles,North America,40,Middle Aged,Yes
17864,Married,Female,"$60,000.00",1,Yes,Partial College,Skilled Manual,Yes,1,2-5 Miles,North America,46,Middle Aged,Yes
22252,Single,Female,"$60,000.00",1,Yes,Graduate Degree,Professional,Yes,0,2-5 Miles,North America,36,Middle Aged,Yes
11817,Single,Female,"$70,000.00",4,Yes,Graduate Degree,Professional,Yes,0,2-5 Miles,North America,35,Middle Aged,Yes
27673,Single,Female,"$60,000.00",3,Yes,Graduate Degree,Management,Yes,2,5-10 Miles,North America,53,Middle Aged,Yes
12774,Married,Female,"$40,000.00",1,Yes,Partial College,Clerical,Yes,1,1-2 Miles,North America,51,Middle Aged,Yes
23144,Married,Male,"$50,000.00",1,Yes,Bachelors,Skilled Manual,Yes,0,0-1 Miles,North America,34,Middle Aged,Yes
23376,Married,Male,"$70,000.00",1,Yes,Bachelors,Professional,Yes,1,2-5 Miles,North America,44,Middle Aged,Yes
25970,Single,Female,"$60,000.00",4,Yes,Bachelors,Skilled Manual,No,2,0-1 Miles,North America,41,Middle Aged,Yes
28068,Single,Female,"$80,000.00",3,Yes,Graduate Degree,Professional,No,0,0-1 Miles,North America,36,Middle Aged,Yes
23479,Single,Male,"$90,000.00",0,No,Partial College,Professional,No,2,0-1 Miles,North America,43,Middle Aged,Yes
13314,Married,Male,"$120,000.00",1,Yes,High School,Professional,Yes,4,5-10 Miles,North America,46,Middle Aged,Yes
29132,Single,Female,"$40,000.00",0,No,Bachelors,Professional,Yes,1,2-5 Miles,North America,42,Middle Aged,Yes
20296,Single,Female,"$60,000.00",0,No,Partial College,Skilled Manual,No,1,1-2 Miles,North America,33,Middle Aged,Yes
17546,Married,Female,"$70,000.00",1,Yes,Partial College,Skilled Manual,Yes,1,0-1 Miles,North America,44,Middle Aged,Yes
23358,Married,Male,"$60,000.00",0,No,High School,Professional,Yes,2,5-10 Miles,North America,32,Middle Aged,Yes
16020,Married,Male,"$40,000.00",0,No,High School,Skilled Manual,Yes,2,5-10 Miles,North America,28,Adolescent,Yes
27090,Married,Female,"$60,000.00",1,Yes,Graduate Degree,Professional,Yes,0,2-5 Miles,North America,37,Middle Aged,Yes
19661,Single,Male,"$90,000.00",4,Yes,Bachelors,Management,Yes,1,1-2 Miles,North America,38,Middle Aged,Yes
26327,Married,Male,"$70,000.00",4,Yes,Graduate Degree,Professional,Yes,0,2-5 Miles,North America,36,Middle Aged,Yes
24958,Single,Female,"$40,000.00",5,Yes,High School,Professional,No,3,2-5 Miles,North America,60,Old,Yes
13287,Single,Male,"$110,000.00",4,Yes,Bachelors,Management,Yes,4,5-10 Miles,North America,42,Middle Aged,Yes
11270,Married,Male,"$130,000.00",2,Yes,Graduate Degree,Management,Yes,3,0-1 Miles,North America,42,Middle Aged,Yes
16144,Married,Male,"$70,000.00",1,Yes,Graduate Degree,Professional,Yes,1,0-1 Miles,North America,46,Middle Aged,Yes
11886,Married,Female,"$60,000.00",3,Yes,Bachelors,Professional,Yes,1,0-1 Miles,North America,48,Middle Aged,Yes
24324,Single,Female,"$60,000.00",4,Yes,Bachelors,Skilled Manual,Yes,2,2-5 Miles,North America,41,Middle Aged,Yes
22220,Married,Male,"$60,000.00",2,Yes,High School,Professional,No,2,1-2 Miles,North America,49,Middle Aged,Yes
26625,Single,Female,"$60,000.00",0,No,Graduate Degree,Professional,Yes,1,2-5 Miles,North America,38,Middle Aged,Yes
16867,Single,Female,"$130,000.00",1,Yes,Bachelors,Management,No,3,0-1 Miles,North America,45,Middle Aged,Yes
28799,Single,Female,"$40,000.00",2,Yes,Partial College,Clerical,No,1,1-2 Miles,North America,47,Middle Aged,Yes
14913,Married,Female,"$40,000.00",1,Yes,Partial College,Clerical,Yes,1,1-2 Miles,North America,48,Middle Aged,Yes
12452,Married,Male,"$60,000.00",4,Yes,Graduate Degree,Skilled Manual,Yes,0,1-2 Miles,North America,47,Middle Aged,Yes
23668,Married,Female,"$40,000.00",4,Yes,High School,Professional,Yes,2,5-10 Miles,North America,59,Old,Yes
27261,Married,Male,"$40,000.00",1,Yes,Bachelors,Skilled Manual,No,1,0-1 Miles,North America,36,Middle Aged,Yes
18649,Single,Male,"$30,000.00",1,Yes,High School,Clerical,Yes,2,1-2 Miles,North America,51,Middle Aged,Yes
23217,Single,Female,"$60,000.00",3,Yes,Graduate Degree,Professional,Yes,0,2-5 Miles,North America,43,Middle Aged,Yes
20657,Single,Male,"$50,000.00",2,Yes,Bachelors,Skilled Manual,Yes,0,2-5 Miles,North America,37,Middle Aged,Yes
12882,Married,Male,"$50,000.00",1,Yes,Graduate Degree,Skilled Manual,Yes,0,0-1 Miles,North America,33,Middle Aged,Yes
16753,Single,Female,"$70,000.00",0,No,Partial College,Skilled Manual,Yes,2,5-10 Miles,North America,34,Middle Aged,Yes
24979,Married,Female,"$60,000.00",2,Yes,Partial College,Professional,Yes,2,2-5 Miles,North America,57,Old,Yes
14657,Married,Male,"$80,000.00",1,Yes,Partial College,Skilled Manual,No,1,0-1 Miles,North America,47,Middle Aged,Yes
11540,Single,Male,"$60,000.00",4,Yes,Graduate Degree,Skilled Manual,Yes,0,1-2 Miles,North America,47,Middle Aged,Yes
14602,Married,Female,"$80,000.00",3,Yes,Graduate Degree,Professional,Yes,0,0-1 Miles,North America,36,Middle Aged,Yes
26490,Single,Male,"$70,000.00",2,Yes,Bachelors,Management,No,1,2-5 Miles,North America,59,Old,Yes
15372,Married,Male,"$80,000.00",3,Yes,Partial College,Professional,No,2,2-5 Miles,North America,50,Middle Aged,Yes
16112,Single,Male,"$70,000.00",4,Yes,Bachelors,Professional,Yes,2,2-5 Miles,North America,43,Middle Aged,Yes
20076,Single,Female,"$10,000.00",2,Yes,High School,Manual,Yes,2,1-2 Miles,North America,53,Middle Aged,Yes
24496,Single,Female,"$40,000.00",0,No,High School,Skilled Manual,No,2,0-1 Miles,North America,28,Adolescent,Yes
28031,Single,Female,"$70,000.00",2,Yes,Bachelors,Management,No,1,2-5 Miles,North America,59,Old,Yes
22221,Married,Male,"$60,000.00",2,Yes,High School,Professional,No,2,1-2 Miles,North America,48,Middle Aged,Yes
18363,Married,Male,"$40,000.00",0,No,High School,Skilled Manual,Yes,2,5-10 Miles,North America,28,Adolescent,Yes
12768,Married,Male,"$30,000.00",1,Yes,High School,Clerical,Yes,1,2-5 Miles,North America,52,Middle Aged,Yes
13382,Married,Male,"$70,000.00",5,Yes,Partial College,Professional,Yes,2,1-2 Miles,North America,57,Old,Yes
20310,Single,Male,"$60,000.00",0,No,Partial College,Skilled Manual,Yes,1,5-10 Miles,North America,27,Adolescent,Yes
22971,Single,Female,"$30,000.00",0,No,High School,Skilled Manual,No,2,0-1 Miles,North America,25,Adolescent,Yes
15287,Single,Female,"$50,000.00",1,Yes,Graduate Degree,Skilled Manual,Yes,0,1-2 Miles,North America,33,Middle Aged,Yes
15532,Single,Male,"$60,000.00",4,Yes,Bachelors,Professional,Yes,2,2-5 Miles,North America,43,Middle Aged,Yes
15255,Married,Male,"$40,000.00",0,No,High School,Skilled Manual,Yes,2,5-10 Miles,North America,28,Adolescent,Yes
13154,Married,Male,"$40,000.00",0,No,High School,Skilled Manual,No,2,0-1 Miles,North America,27,Adolescent,Yes
21417,Single,Female,"$60,000.00",0,No,Partial College,Professional,No,2,1-2 Miles,North America,32,Middle Aged,Yes
17668,Single,Male,"$30,000.00",2,Yes,High School,Skilled Manual,Yes,2,1-2 Miles,North America,50,Middle Aged,Yes
20376,Single,Female,"$70,000.00",3,Yes,Graduate Degree,Management,Yes,2,5-10 Miles,North America,52,Middle Aged,Yes
13351,Single,Female,"$70,000.00",4,Yes,Bachelors,Management,Yes,2,1-2 Miles,North America,62,Old,Yes
21660,Married,Female,"$60,000.00",3,Yes,Graduate Degree,Professional,Yes,0,2-5 Miles,North America,43,Middle Aged,Yes
17012,Married,Female,"$60,000.00",3,Yes,Graduate Degree,Professional,Yes,0,2-5 Miles,North America,42,Middle Aged,Yes
26582,Married,Male,"$60,000.00",0,No,Partial College,Skilled Manual,Yes,2,5-10 Miles,North America,33,Middle Aged,Yes
23041,Single,Female,"$70,000.00",4,Yes,High School,Professional,Yes,0,5-10 Miles,North America,50,Middle Aged,Yes
29048,Single,Male,"$110,000.00",2,Yes,Bachelors,Management,No,3,0-1 Miles,North America,37,Middle Aged,Yes
24433,Married,Male,"$70,000.00",3,Yes,High School,Professional,No,1,1-2 Miles,North America,52,Middle Aged,Yes
15501,Married,Male,"$70,000.00",4,Yes,Graduate Degree,Professional,Yes,0,2-5 Miles,North America,36,Middle Aged,Yes
13911,Single,Female,"$80,000.00",3,Yes,Bachelors,Skilled Manual,Yes,2,2-5 Miles,North America,41,Middle Aged,Yes
19163,Married,Female,"$70,000.00",4,Yes,Bachelors,Professional,Yes,2,0-1 Miles,North America,43,Middle Aged,Yes
27540,Single,Female,"$70,000.00",0,No,Bachelors,Professional,No,1,0-1 Miles,North America,37,Middle Aged,Yes
19889,Single,Female,"$70,000.00",2,Yes,Partial High School,Skilled Manual,No,2,2-5 Miles,North America,54,Middle Aged,Yes
12922,Single,Female,"$60,000.00",3,Yes,Bachelors,Skilled Manual,Yes,0,2-5 Miles,North America,40,Middle Aged,Yes
19143,Single,Female,"$80,000.00",3,Yes,Bachelors,Skilled Manual,Yes,2,2-5 Miles,North America,41,Middle Aged,Yes
23882,Single,Female,"$80,000.00",3,Yes,Graduate Degree,Professional,Yes,0,0-1 Miles,North America,37,Middle Aged,Yes
15555,Married,Female,"$60,000.00",1,Yes,Partial College,Skilled Manual,Yes,1,2-5 Miles,North America,45,Middle Aged,Yes
13176,Single,Male,"$130,000.00",0,No,Graduate Degree,Management,No,2,0-1 Miles,North America,38,Middle Aged,Yes
16751,Married,Male,"$60,000.00",0,No,Partial College,Skilled Manual,Yes,1,5-10 Miles,North America,32,Middle Aged,Yes
21613,Single,Male,"$50,000.00",2,Yes,Bachelors,Skilled Manual,No,1,0-1 Miles,North America,39,Middle Aged,Yes
24801,Single,Male,"$60,000.00",1,Yes,Graduate Degree,Professional,Yes,0,2-5 Miles,North America,35,Middle Aged,Yes
11745,Married,Female,"$60,000.00",1,Yes,Bachelors,Professional,Yes,1,0-1 Miles,North America,47,Middle Aged,Yes
13714,Married,Female,"$20,000.00",2,Yes,High School,Manual,No,2,1-2 Miles,North America,53,Middle Aged,Yes
22330,Married,Male,"$50,000.00",0,No,Graduate Degree,Skilled Manual,Yes,0,1-2 Miles,North America,32,Middle Aged,Yes
18783,Single,Male,"$80,000.00",0,No,Bachelors,Management,No,1,0-1 Miles,North America,38,Middle Aged,Yes
22046,Single,Female,"$80,000.00",0,No,Bachelors,Management,No,1,0-1 Miles,North America,38,Middle Aged,Yes
24955,Single,Male,"$30,000.00",5,Yes,Partial High School,Skilled Manual,Yes,3,10 Miles +,North America,60,Old,Yes
22118,Single,Female,"$70,000.00",3,Yes,Graduate Degree,Management,Yes,2,5-10 Miles,North America,53,Middle Aged,Yes
14883,Married,Female,"$30,000.00",1,Yes,Bachelors,Skilled Manual,Yes,1,5-10 Miles,North America,53,Middle Aged,Yes
27279,Single,Female,"$70,000.00",2,Yes,Bachelors,Skilled Manual,Yes,0,2-5 Miles,North America,38,Middle Aged,Yes
28066,Married,Male,"$80,000.00",2,Yes,Graduate Degree,Professional,Yes,0,0-1 Miles,North America,37,Middle Aged,Yes
11275,Married,Female,"$80,000.00",4,Yes,Graduate Degree,Management,Yes,2,0-1 Miles,North America,72,Old,Yes
16151,Married,Female,"$60,000.00",1,Yes,Bachelors,Professional,Yes,1,2-5 Miles,North America,48,Middle Aged,Yes
27074,Married,Female,"$70,000.00",1,Yes,Graduate Degree,Skilled Manual,Yes,0,0-1 Miles,North America,35,Middle Aged,Yes
13415,Single,Male,"$100,000.00",1,Yes,Graduate Degree,Management,Yes,3,2-5 Miles,North America,73,Old,Yes
17000,Single,Female,"$70,000.00",4,Yes,Bachelors,Skilled Manual,Yes,2,2-5 Miles,North America,43,Middle Aged,Yes
13873,Married,Male,"$70,000.00",3,Yes,Graduate Degree,Professional,Yes,0,0-1 Miles,North America,35,Middle Aged,Yes
20401,Married,Female,"$50,000.00",4,Yes,Bachelors,Management,Yes,2,1-2 Miles,North America,64,Old,Yes
21583,Married,Female,"$50,000.00",1,Yes,Bachelors,Skilled Manual,Yes,0,0-1 Miles,North America,34,Middle Aged,Yes
18066,Single,Male,"$70,000.00",5,Yes,Bachelors,Management,Yes,3,10 Miles +,North America,60,Old,Yes
16122,Married,Male,"$40,000.00",4,Yes,High School,Skilled Manual,Yes,2,0-1 Miles,North America,44,Middle Aged,Yes
18607,Single,Female,"$60,000.00",4,Yes,Bachelors,Skilled Manual,Yes,2,2-5 Miles,North America,42,Middle Aged,Yes
26305,Single,Female,"$60,000.00",2,Yes,Bachelors,Skilled Manual,No,0,0-1 Miles,North America,36,Middle Aged,Yes
22050,Single,Male,"$90,000.00",4,Yes,Bachelors,Management,Yes,1,1-2 Miles,North America,38,Middle Aged,Yes
25394,Married,Male,"$60,000.00",1,Yes,Graduate Degree,Professional,Yes,0,2-5 Miles,North America,34,Middle Aged,Yes
23195,Single,Male,"$50,000.00",3,Yes,Bachelors,Skilled Manual,Yes,2,2-5 Miles,North America,41,Middle Aged,Yes
21695,Married,Male,"$60,000.00",0,No,Graduate Degree,Skilled Manual,Yes,0,1-2 Miles,North America,39,Middle Aged,Yes
28657,Single,Male,"$60,000.00",2,Yes,Bachelors,Skilled Manual,Yes,0,2-5 Miles,North America,36,Middle Aged,Yes
27273,Single,Male,"$70,000.00",3,Yes,Graduate Degree,Professional,No,0,0-1 Miles,North America,35,Middle Aged,Yes
22719,Single,Male,"$110,000.00",3,Yes,Bachelors,Management,Yes,4,2-5 Miles,North America,40,Middle Aged,Yes
22042,Married,Female,"$70,000.00",0,No,Partial College,Skilled Manual,Yes,2,5-10 Miles,North America,34,Middle Aged,Yes
12153,Single,Female,"$70,000.00",3,Yes,Partial College,Professional,Yes,1,5-10 Miles,North America,49,Middle Aged,Yes
16895,Married,Female,"$40,000.00",3,Yes,Partial College,Professional,No,2,1-2 Miles,North America,54,Middle Aged,Yes
26728,Single,Male,"$70,000.00",3,Yes,Graduate Degree,Management,No,2,1-2 Miles,North America,53,Middle Aged,Yes
11090,Single,Male,"$90,000.00",2,Yes,Partial College,Professional,Yes,1,2-5 Miles,North America,48,Middle Aged,Yes
15862,Single,Female,"$50,000.00",0,No,Graduate Degree,Skilled Manual,Yes,0,1-2 Miles,North America,33,Middle Aged,Yes
14914,Married,Female,"$40,000.00",1,Yes,Partial College,Clerical,Yes,1,1-2 Miles,North America,49,Middle Aged,Yes
12033,Single,Female,"$40,000.00",0,No,High School,Skilled Manual,No,2,0-1 Miles,North America,27,Adolescent,Yes
18050,Married,Female,"$60,000.00",1,Yes,Partial College,Skilled Manual,Yes,1,0-1 Miles,North America,45,Middle Aged,Yes
11663,Married,Male,"$70,000.00",4,Yes,Graduate Degree,Professional,Yes,0,0-1 Miles,North America,36,Middle Aged,Yes
21587,Married,Female,"$60,000.00",1,Yes,Graduate Degree,Skilled Manual,Yes,0,2-5 Miles,North America,34,Middle Aged,Yes
26298,Married,Female,"$50,000.00",1,Yes,Bachelors,Skilled Manual,Yes,0,2-5 Miles,North America,34,Middle Aged,Yes
25419,Single,Male,"$50,000.00",2,Yes,Bachelors,Skilled Manual,No,1,0-1 Miles,North America,38,Middle Aged,Yes
13343,Married,Female,"$90,000.00",5,Yes,Bachelors,Management,Yes,2,1-2 Miles,North America,63,Old,Yes
11303,Single,Female,"$90,000.00",4,Yes,High School,Professional,No,3,1-2 Miles,North America,45,Middle Aged,Yes
17654,Single,Female,"$40,000.00",3,Yes,Partial College,Clerical,Yes,1,1-2 Miles,North America,30,Adolescent,Yes
14662,Married,Male,"$60,000.00",1,Yes,Bachelors,Professional,Yes,1,0-1 Miles,North America,48,Middle Aged,Yes
13886,Married,Female,"$70,000.00",4,Yes,Graduate Degree,Professional,Yes,0,2-5 Miles,North America,35,Middle Aged,Yes
21940,Married,Male,"$90,000.00",5,Yes,Graduate Degree,Professional,Yes,0,0-1 Miles,North America,47,Middle Aged,Yes
20196,Married,Male,"$60,000.00",1,Yes,Partial College,Skilled Manual,Yes,1,2-5 Miles,North America,45,Middle Aged,Yes
16007,Married,Female,"$90,000.00",5,Yes,Bachelors,Management,Yes,2,1-2 Miles,North America,66,Old,Yes
23818,Married,Female,"$50,000.00",0,No,Graduate Degree,Skilled Manual,Yes,0,1-2 Miles,North America,33,Middle Aged,Yes
17462,Married,Male,"$70,000.00",3,Yes,Graduate Degree,Management,Yes,2,5-10 Miles,North America,53,Middle Aged,Yes
20659,Married,Male,"$70,000.00",3,Yes,Graduate Degree,Professional,Yes,0,0-1 Miles,North America,35,Middle Aged,Yes
18594,Single,Female,"$80,000.00",3,Yes,Bachelors,Skilled Manual,Yes,3,10 Miles +,North America,40,Middle Aged,Yes
28625,Single,Male,"$40,000.00",2,Yes,Partial College,Clerical,No,1,1-2 Miles,North America,47,Middle Aged,Yes
25148,Married,Male,"$60,000.00",2,Yes,High School,Professional,No,2,1-2 Miles,North America,48,Middle Aged,Yes
23704,Single,Male,"$40,000.00",5,Yes,High School,Professional,Yes,4,10 Miles +,North America,60,Old,Yes
19117,Single,Female,"$60,000.00",1,Yes,Graduate Degree,Professional,Yes,0,2-5 Miles,North America,36,Middle Aged,Yes
22864,Married,Male,"$90,000.00",2,Yes,Partial College,Professional,No,0,5-10 Miles,North America,49,Middle Aged,Yes
11292,Single,Male,"$150,000.00",1,Yes,Partial College,Professional,No,3,0-1 Miles,North America,44,Middle Aged,Yes
23731,Married,Male,"$60,000.00",2,Yes,High School,Professional,Yes,2,2-5 Miles,North America,54,Middle Aged,Yes
28672,Single,Male,"$70,000.00",4,Yes,Graduate Degree,Professional,Yes,0,2-5 Miles,North America,35,Middle Aged,Yes
11809,Married,Male,"$60,000.00",2,Yes,Bachelors,Skilled Manual,Yes,0,0-1 Miles,North America,38,Middle Aged,Yes
12121,Single,Male,"$60,000.00",3,Yes,High School,Professional,Yes,2,10 Miles +,North America,53,Middle Aged,Yes
12496,Married,Female,"$40,000.00",1,Yes,Bachelors,Skilled Manual,Yes,0,0-1 Miles,Europe,42,Middle Aged,No
24107,Married,Male,"$30,000.00",3,Yes,Partial College,Clerical,Yes,1,0-1 Miles,Europe,43,Middle Aged,No
14177,Married,Male,"$80,000.00",5,Yes,Partial College,Professional,No,2,2-5 Miles,Europe,60,Old,No
13507,Married,Female,"$10,000.00",2,Yes,Partial College,Manual,Yes,0,1-2 Miles,Europe,50,Middle Aged,No
22155,Married,Male,"$20,000.00",2,Yes,Partial High School,Clerical,Yes,2,5-10 Miles,Pacific,58,Old,No
12697,Single,Female,"$90,000.00",0,No,Bachelors,Professional,No,4,10 Miles +,Pacific,36,Middle Aged,No
11434,Married,Male,"$170,000.00",5,Yes,Partial College,Professional,Yes,0,0-1 Miles,Europe,55,Old,No
12610,Married,Female,"$30,000.00",1,Yes,Bachelors,Clerical,Yes,0,0-1 Miles,Europe,47,Middle Aged,No
21564,Single,Female,"$80,000.00",0,No,Bachelors,Professional,Yes,4,10 Miles +,Pacific,35,Middle Aged,No
26412,Married,Female,"$80,000.00",5,Yes,High School,Management,No,3,5-10 Miles,Europe,56,Old,No
27184,Single,Male,"$40,000.00",2,Yes,Partial College,Clerical,No,1,0-1 Miles,Europe,34,Middle Aged,No
12590,Single,Male,"$30,000.00",1,Yes,Bachelors,Clerical,Yes,0,0-1 Miles,Europe,63,Old,No
18283,Single,Female,"$100,000.00",0,No,Bachelors,Professional,No,1,5-10 Miles,Pacific,40,Middle Aged,No
18299,Married,Male,"$70,000.00",5,Yes,Partial College,Skilled Manual,Yes,2,5-10 Miles,Pacific,44,Middle Aged,No
19273,Married,Female,"$20,000.00",2,Yes,Partial College,Manual,Yes,0,0-1 Miles,Europe,63,Old,No
20942,Single,Female,"$20,000.00",0,No,High School,Manual,No,1,5-10 Miles,Europe,31,Middle Aged,No
28380,Single,Female,"$10,000.00",5,Yes,Partial High School,Manual,No,2,0-1 Miles,Europe,41,Middle Aged,No
27832,Single,Female,"$30,000.00",0,No,Partial College,Clerical,No,1,2-5 Miles,Europe,30,Adolescent,No
26863,Single,Male,"$20,000.00",0,No,High School,Manual,No,1,2-5 Miles,Europe,28,Adolescent,No
27803,Single,Female,"$30,000.00",2,Yes,Partial College,Clerical,No,0,0-1 Miles,Europe,43,Middle Aged,No
17703,Married,Female,"$10,000.00",1,Yes,Graduate Degree,Manual,Yes,0,0-1 Miles,Europe,40,Middle Aged,No
19487,Married,Male,"$30,000.00",2,Yes,Partial College,Clerical,No,2,0-1 Miles,Europe,42,Middle Aged,No
13826,Single,Female,"$30,000.00",0,No,Partial College,Clerical,No,1,0-1 Miles,Europe,28,Adolescent,No
20619,Single,Male,"$80,000.00",0,No,Bachelors,Professional,No,4,10 Miles +,Pacific,35,Middle Aged,No
12558,Married,Female,"$20,000.00",1,Yes,Bachelors,Clerical,Yes,0,0-1 Miles,Europe,65,Old,No
24871,Single,Female,"$90,000.00",4,Yes,High School,Management,No,3,5-10 Miles,Europe,56,Old,No
17319,Single,Female,"$70,000.00",0,No,Bachelors,Professional,No,1,5-10 Miles,Pacific,42,Middle Aged,No
28906,Married,Male,"$80,000.00",4,Yes,High School,Professional,Yes,2,10 Miles +,Europe,54,Middle Aged,No
24185,Single,Female,"$10,000.00",1,Yes,High School,Manual,No,1,1-2 Miles,Europe,45,Middle Aged,No
19291,Single,Female,"$10,000.00",2,Yes,High School,Manual,Yes,0,0-1 Miles,Europe,35,Middle Aged,No
16185,Single,Male,"$60,000.00",4,Yes,Bachelors,Professional,Yes,3,10 Miles +,Pacific,41,Middle Aged,No
29337,Single,Male,"$30,000.00",2,Yes,Partial College,Clerical,Yes,2,5-10 Miles,Pacific,68,Old,No
16438,Married,Female,"$10,000.00",0,No,Partial High School,Manual,No,2,0-1 Miles,Europe,30,Adolescent,No
16200,Single,Female,"$10,000.00",0,No,Partial High School,Manual,No,2,0-1 Miles,Europe,35,Middle Aged,No
24857,Married,Female,"$130,000.00",3,Yes,High School,Professional,Yes,4,0-1 Miles,Europe,52,Middle Aged,No
14517,Married,Female,"$20,000.00",3,Yes,High School,Skilled Manual,No,2,1-2 Miles,Pacific,62,Old,No
12678,Single,Female,"$130,000.00",4,Yes,High School,Management,Yes,4,0-1 Miles,Pacific,31,Middle Aged,No
16188,Single,Female,"$20,000.00",0,No,Partial High School,Manual,No,2,1-2 Miles,Europe,26,Adolescent,No
19461,Single,Female,"$10,000.00",4,Yes,Partial High School,Manual,Yes,2,0-1 Miles,Europe,40,Middle Aged,No
28412,Single,Male,"$20,000.00",0,No,High School,Manual,No,1,2-5 Miles,Europe,29,Adolescent,No
19608,Married,Male,"$80,000.00",5,Yes,Bachelors,Professional,Yes,4,1-2 Miles,Pacific,40,Middle Aged,No
24119,Single,Male,"$30,000.00",0,No,Partial College,Clerical,No,1,2-5 Miles,Europe,29,Adolescent,No
15608,Single,Female,"$30,000.00",0,No,Partial College,Clerical,No,1,2-5 Miles,Europe,33,Middle Aged,No
16487,Single,Female,"$30,000.00",3,Yes,High School,Skilled Manual,Yes,2,5-10 Miles,Pacific,55,Old,No
17197,Single,Female,"$90,000.00",5,Yes,Partial College,Professional,Yes,2,10 Miles +,Europe,62,Old,No
12507,Married,Male,"$30,000.00",1,Yes,Partial College,Clerical,Yes,1,0-1 Miles,Europe,43,Middle Aged,No
26852,Married,Female,"$20,000.00",3,Yes,High School,Manual,Yes,2,0-1 Miles,Europe,43,Middle Aged,No
12274,Single,Male,"$10,000.00",2,Yes,High School,Manual,Yes,0,0-1 Miles,Europe,35,Middle Aged,No
24149,Married,Male,"$10,000.00",2,Yes,Partial College,Manual,Yes,0,1-2 Miles,Europe,49,Middle Aged,No
26139,Single,Male,"$60,000.00",1,Yes,Partial College,Skilled Manual,Yes,1,5-10 Miles,Pacific,45,Middle Aged,No
22707,Single,Female,"$30,000.00",0,No,Partial College,Clerical,No,1,2-5 Miles,Europe,30,Adolescent,No
14682,Single,Female,"$70,000.00",0,No,Bachelors,Professional,No,1,5-10 Miles,Pacific,38,Middle Aged,No
17650,Single,Female,"$40,000.00",2,Yes,Partial College,Clerical,Yes,2,1-2 Miles,Europe,35,Middle Aged,No
22496,Married,Female,"$30,000.00",1,Yes,Bachelors,Skilled Manual,Yes,2,0-1 Miles,Europe,42,Middle Aged,No
19914,Married,Male,"$80,000.00",5,Yes,Bachelors,Management,Yes,2,2-5 Miles,Europe,62,Old,No
12871,Single,Female,"$30,000.00",0,No,Partial College,Clerical,No,1,2-5 Miles,Europe,29,Adolescent,No
15922,Married,Male,"$150,000.00",2,Yes,High School,Professional,Yes,4,0-1 Miles,Europe,48,Middle Aged,No
12344,Single,Female,"$80,000.00",0,No,Bachelors,Professional,No,3,10 Miles +,Pacific,31,Middle Aged,No
23627,Single,Female,"$100,000.00",3,Yes,Partial College,Management,No,4,5-10 Miles,Europe,56,Old,No
29301,Married,Male,"$80,000.00",5,Yes,Bachelors,Professional,Yes,4,1-2 Miles,Pacific,40,Middle Aged,No
12716,Single,Male,"$30,000.00",0,No,Partial College,Clerical,Yes,1,2-5 Miles,Europe,32,Middle Aged,No
12472,Married,Male,"$30,000.00",1,Yes,Bachelors,Clerical,Yes,1,2-5 Miles,Europe,39,Middle Aged,No
12993,Married,Male,"$60,000.00",2,Yes,Bachelors,Professional,Yes,1,2-5 Miles,Pacific,37,Middle Aged,No
21094,Single,Female,"$30,000.00",2,Yes,Partial College,Clerical,Yes,2,0-1 Miles,Europe,42,Middle Aged,No
12234,Married,Male,"$10,000.00",2,Yes,Partial College,Manual,Yes,1,2-5 Miles,Europe,52,Middle Aged,No
17994,Single,Male,"$20,000.00",2,Yes,High School,Manual,Yes,2,0-1 Miles,Europe,42,Middle Aged,No
16614,Married,Female,"$80,000.00",0,No,Bachelors,Professional,Yes,3,10 Miles +,Pacific,32,Middle Aged,No
20729,Married,Female,"$40,000.00",2,Yes,Partial College,Clerical,No,1,0-1 Miles,Europe,34,Middle Aged,No
19675,Married,Male,"$20,000.00",4,Yes,High School,Skilled Manual,Yes,2,5-10 Miles,Pacific,60,Old,No
12728,Single,Male,"$30,000.00",0,No,Partial College,Clerical,No,1,1-2 Miles,Europe,27,Adolescent,No
29117,Single,Male,"$100,000.00",1,Yes,Bachelors,Management,No,3,0-1 Miles,Pacific,48,Middle Aged,No
17845,Single,Female,"$20,000.00",0,No,Partial High School,Manual,No,2,1-2 Miles,Europe,32,Middle Aged,No
25058,Married,Male,"$100,000.00",1,Yes,Bachelors,Management,Yes,3,2-5 Miles,Pacific,47,Middle Aged,No
23426,Single,Male,"$80,000.00",5,Yes,Graduate Degree,Management,Yes,3,0-1 Miles,Pacific,40,Middle Aged,No
12664,Married,Female,"$130,000.00",5,Yes,Partial College,Professional,Yes,4,0-1 Miles,Europe,59,Old,No
23979,Single,Male,"$10,000.00",2,Yes,Partial College,Manual,No,0,0-1 Miles,Europe,50,Middle Aged,No
20797,Married,Female,"$10,000.00",1,Yes,Bachelors,Manual,Yes,0,0-1 Miles,Europe,48,Middle Aged,No
24279,Single,Male,"$40,000.00",2,Yes,Partial College,Skilled Manual,No,2,1-2 Miles,Pacific,52,Middle Aged,No
15465,Married,Female,"$10,000.00",0,No,Partial College,Manual,No,1,0-1 Miles,Pacific,25,Adolescent,No
14233,Single,Male,"$100,000.00",0,No,High School,Management,Yes,3,10 Miles +,Pacific,35,Middle Aged,No
12273,Married,Male,"$30,000.00",1,Yes,Bachelors,Clerical,Yes,0,0-1 Miles,Europe,47,Middle Aged,No
18144,Married,Female,"$80,000.00",5,Yes,Bachelors,Management,Yes,2,2-5 Miles,Europe,61,Old,No
23963,Married,Male,"$10,000.00",0,No,Partial High School,Manual,No,2,0-1 Miles,Europe,33,Middle Aged,No
17907,Married,Female,"$10,000.00",0,No,Partial College,Manual,Yes,1,2-5 Miles,Pacific,27,Adolescent,No
27304,Single,Female,"$110,000.00",2,Yes,Partial College,Professional,No,3,5-10 Miles,Europe,48,Middle Aged,No
25529,Single,Male,"$10,000.00",1,Yes,Graduate Degree,Manual,Yes,0,0-1 Miles,Europe,44,Middle Aged,No
19445,Married,Female,"$10,000.00",2,Yes,High School,Manual,No,1,0-1 Miles,Europe,38,Middle Aged,No
28918,Married,Female,"$130,000.00",4,Yes,High School,Management,No,4,10 Miles +,Europe,58,Old,No
18151,Single,Male,"$80,000.00",5,Yes,Partial College,Professional,No,2,10 Miles +,Europe,59,Old,No
16489,Married,Male,"$30,000.00",3,Yes,High School,Skilled Manual,Yes,2,5-10 Miles,Pacific,55,Old,No
15682,Single,Female,"$80,000.00",5,Yes,Bachelors,Management,Yes,2,10 Miles +,Europe,62,Old,No
26032,Married,Female,"$70,000.00",5,Yes,Bachelors,Professional,Yes,4,10 Miles +,Pacific,41,Middle Aged,No
17843,Single,Female,"$10,000.00",0,No,Partial High School,Manual,No,2,0-1 Miles,Europe,32,Middle Aged,No
16209,Single,Female,"$50,000.00",0,No,Graduate Degree,Skilled Manual,Yes,0,1-2 Miles,Europe,36,Middle Aged,No
24584,Single,Male,"$60,000.00",0,No,Bachelors,Professional,No,3,2-5 Miles,Pacific,31,Middle Aged,No
24842,Single,Female,"$90,000.00",3,Yes,High School,Professional,No,1,2-5 Miles,Europe,51,Middle Aged,No
11415,Single,Male,"$90,000.00",5,Yes,Partial College,Professional,No,2,10 Miles +,Europe,62,Old,No
14669,Married,Female,"$80,000.00",4,Yes,Graduate Degree,Management,Yes,1,0-1 Miles,Pacific,36,Middle Aged,No
20946,Single,Female,"$30,000.00",0,No,Partial College,Clerical,No,1,2-5 Miles,Europe,30,Adolescent,No
25026,Married,Male,"$20,000.00",2,Yes,Partial High School,Clerical,Yes,3,5-10 Miles,Pacific,54,Middle Aged,No
13673,Single,Female,"$20,000.00",0,No,Partial High School,Manual,No,2,0-1 Miles,Europe,25,Adolescent,No
16043,Single,Male,"$10,000.00",1,Yes,Bachelors,Manual,Yes,0,0-1 Miles,Europe,48,Middle Aged,No
25313,Single,Male,"$10,000.00",0,No,Partial High School,Manual,No,2,1-2 Miles,Europe,35,Middle Aged,No
13813,Married,Female,"$30,000.00",3,Yes,Partial College,Clerical,No,0,0-1 Miles,Europe,42,Middle Aged,No
18711,Single,Female,"$70,000.00",5,Yes,Bachelors,Professional,Yes,4,10 Miles +,Pacific,39,Middle Aged,No
19650,Married,Female,"$30,000.00",2,Yes,Partial College,Clerical,No,2,0-1 Miles,Pacific,67,Old,No
14135,Married,Male,"$20,000.00",1,Yes,Partial College,Manual,Yes,0,1-2 Miles,Europe,35,Middle Aged,No
26849,Married,Male,"$10,000.00",3,Yes,Partial High School,Manual,Yes,2,0-1 Miles,Europe,43,Middle Aged,No
20962,Married,Female,"$20,000.00",1,Yes,Graduate Degree,Clerical,Yes,0,0-1 Miles,Europe,45,Middle Aged,No
28915,Single,Male,"$80,000.00",5,Yes,High School,Management,Yes,3,10 Miles +,Europe,57,Old,No
22830,Married,Male,"$120,000.00",4,Yes,Partial College,Management,Yes,3,10 Miles +,Europe,56,Old,No
12591,Married,Female,"$30,000.00",4,Yes,Graduate Degree,Clerical,Yes,0,0-1 Miles,Europe,45,Middle Aged,No
22006,Married,Male,"$70,000.00",5,Yes,Partial College,Skilled Manual,Yes,3,5-10 Miles,Pacific,46,Middle Aged,No
17702,Married,Male,"$10,000.00",1,Yes,Graduate Degree,Manual,Yes,0,0-1 Miles,Europe,37,Middle Aged,No
12503,Single,Female,"$30,000.00",3,Yes,Partial College,Clerical,Yes,2,0-1 Miles,Europe,27,Adolescent,No
22527,Single,Female,"$20,000.00",0,No,High School,Manual,No,1,2-5 Miles,Europe,29,Adolescent,No
13981,Married,Female,"$10,000.00",5,Yes,High School,Skilled Manual,No,3,1-2 Miles,Pacific,62,Old,No
18172,Married,Male,"$130,000.00",4,Yes,High School,Professional,Yes,3,0-1 Miles,Europe,55,Old,No
12666,Single,Male,"$60,000.00",0,No,Bachelors,Professional,No,4,2-5 Miles,Pacific,31,Middle Aged,No
21375,Single,Male,"$20,000.00",2,Yes,Partial High School,Clerical,Yes,2,5-10 Miles,Pacific,57,Old,No
21738,Married,Male,"$20,000.00",1,Yes,Graduate Degree,Clerical,Yes,0,0-1 Miles,Europe,43,Middle Aged,No
14193,Single,Female,"$100,000.00",3,Yes,Partial College,Management,Yes,4,10 Miles +,Europe,56,Old,No
22672,Single,Female,"$30,000.00",2,Yes,Partial College,Clerical,Yes,0,0-1 Miles,Europe,43,Middle Aged,No
28468,Married,Female,"$10,000.00",2,Yes,Partial College,Manual,Yes,0,1-2 Miles,Europe,51,Middle Aged,No
23419,Single,Female,"$70,000.00",5,Yes,Bachelors,Professional,Yes,3,10 Miles +,Pacific,39,Middle Aged,No
20919,Single,Female,"$30,000.00",2,Yes,Partial College,Clerical,Yes,2,0-1 Miles,Europe,42,Middle Aged,No
20927,Single,Female,"$20,000.00",5,Yes,High School,Manual,Yes,2,0-1 Miles,Europe,27,Adolescent,No
19626,Married,Male,"$70,000.00",5,Yes,Partial College,Skilled Manual,Yes,3,5-10 Miles,Pacific,45,Middle Aged,No
25665,Single,Female,"$20,000.00",0,No,High School,Manual,No,1,1-2 Miles,Europe,28,Adolescent,No
26879,Single,Female,"$20,000.00",0,No,High School,Manual,No,1,2-5 Miles,Europe,30,Adolescent,No
14545,Married,Female,"$10,000.00",2,Yes,Partial College,Manual,Yes,0,1-2 Miles,Europe,49,Middle Aged,No
14804,Single,Female,"$10,000.00",3,Yes,Partial High School,Manual,Yes,2,0-1 Miles,Europe,43,Middle Aged,No
12629,Single,Male,"$20,000.00",1,Yes,Partial College,Manual,No,0,0-1 Miles,Europe,37,Middle Aged,No
14696,Single,Male,"$10,000.00",0,No,Partial High School,Manual,No,2,0-1 Miles,Europe,34,Middle Aged,No
22005,Married,Female,"$70,000.00",5,Yes,Partial College,Skilled Manual,No,3,5-10 Miles,Pacific,46,Middle Aged,No
14544,Single,Male,"$10,000.00",1,Yes,Partial College,Manual,Yes,0,0-1 Miles,Europe,49,Middle Aged,No
14312,Married,Female,"$60,000.00",1,Yes,Partial College,Skilled Manual,Yes,1,5-10 Miles,Pacific,45,Middle Aged,No
29120,Single,Female,"$100,000.00",1,Yes,Bachelors,Management,Yes,4,2-5 Miles,Pacific,48,Middle Aged,No
15758,Married,Male,"$130,000.00",0,No,Graduate Degree,Management,Yes,0,5-10 Miles,Pacific,48,Middle Aged,No
13136,Married,Female,"$30,000.00",2,Yes,Partial College,Clerical,No,2,5-10 Miles,Pacific,69,Old,No
25906,Single,Female,"$10,000.00",5,Yes,High School,Skilled Manual,No,2,1-2 Miles,Pacific,62,Old,No
20897,Married,Female,"$30,000.00",1,Yes,Bachelors,Skilled Manual,Yes,2,0-1 Miles,Europe,40,Middle Aged,No
25923,Single,Male,"$10,000.00",2,Yes,Partial High School,Clerical,Yes,2,5-10 Miles,Pacific,58,Old,No
20974,Married,Male,"$10,000.00",2,Yes,Bachelors,Clerical,Yes,1,0-1 Miles,Europe,66,Old,No
17522,Married,Male,"$120,000.00",4,Yes,Bachelors,Management,Yes,1,2-5 Miles,Pacific,47,Middle Aged,No
21207,Married,Male,"$60,000.00",1,Yes,Partial College,Skilled Manual,Yes,1,5-10 Miles,Pacific,46,Middle Aged,No
21213,Single,Male,"$70,000.00",0,No,Bachelors,Professional,No,1,5-10 Miles,Pacific,41,Middle Aged,No
19066,Married,Male,"$130,000.00",4,Yes,Partial College,Professional,No,3,10 Miles +,Europe,54,Middle Aged,No
11386,Married,Female,"$30,000.00",3,Yes,Bachelors,Clerical,Yes,0,0-1 Miles,Europe,45,Middle Aged,No
28379,Married,Male,"$30,000.00",1,Yes,Bachelors,Skilled Manual,Yes,2,0-1 Miles,Europe,40,Middle Aged,No
14865,Single,Male,"$40,000.00",2,Yes,Partial College,Clerical,Yes,2,1-2 Miles,Europe,36,Middle Aged,No
12663,Married,Female,"$90,000.00",5,Yes,Partial High School,Skilled Manual,Yes,2,10 Miles +,Europe,59,Old,No
24898,Single,Female,"$80,000.00",0,No,Bachelors,Professional,Yes,3,10 Miles +,Pacific,32,Middle Aged,No
19508,Married,Male,"$10,000.00",0,No,Partial High School,Manual,No,2,0-1 Miles,Europe,30,Adolescent,No
25241,Married,Male,"$90,000.00",2,Yes,Bachelors,Professional,Yes,1,5-10 Miles,Pacific,47,Middle Aged,No
24369,Married,Male,"$80,000.00",5,Yes,Graduate Degree,Management,No,2,0-1 Miles,Pacific,39,Middle Aged,No
27165,Single,Male,"$20,000.00",0,No,Partial High School,Manual,No,2,0-1 Miles,Europe,34,Middle Aged,No
29424,Married,Male,"$10,000.00",0,No,Partial High School,Manual,Yes,2,0-1 Miles,Europe,32,Middle Aged,No
14554,Married,Male,"$20,000.00",1,Yes,Bachelors,Clerical,Yes,0,0-1 Miles,Europe,66,Old,No
16468,Single,Male,"$30,000.00",0,No,Partial College,Clerical,Yes,1,2-5 Miles,Europe,30,Adolescent,No
19183,Single,Male,"$10,000.00",0,No,Partial High School,Manual,Yes,2,1-2 Miles,Europe,35,Middle Aged,No
13683,Single,Female,"$30,000.00",0,No,High School,Manual,No,1,2-5 Miles,Europe,32,Middle Aged,No
23915,Married,Male,"$20,000.00",2,Yes,High School,Manual,Yes,2,0-1 Miles,Europe,42,Middle Aged,No
27941,Married,Female,"$80,000.00",4,Yes,Partial College,Professional,Yes,2,2-5 Miles,Europe,53,Middle Aged,No
14785,Single,Male,"$30,000.00",1,Yes,Bachelors,Clerical,No,1,1-2 Miles,Europe,39,Middle Aged,No
17238,Single,Male,"$80,000.00",0,No,Bachelors,Professional,Yes,3,10 Miles +,Pacific,32,Middle Aged,No
22538,Single,Female,"$10,000.00",0,No,Partial High School,Manual,Yes,2,1-2 Miles,Europe,33,Middle Aged,No
17230,Married,Male,"$80,000.00",0,No,Bachelors,Professional,Yes,3,10 Miles +,Pacific,30,Adolescent,No
17324,Married,Female,"$100,000.00",4,Yes,Bachelors,Professional,Yes,1,10 Miles +,Pacific,46,Middle Aged,No
22918,Single,Male,"$80,000.00",5,Yes,Graduate Degree,Management,Yes,3,0-1 Miles,Pacific,50,Middle Aged,No
25512,Single,Male,"$20,000.00",0,No,High School,Manual,No,1,2-5 Miles,Europe,30,Adolescent,No
16179,Single,Female,"$80,000.00",5,Yes,Bachelors,Professional,Yes,4,1-2 Miles,Pacific,38,Middle Aged,No
15628,Married,Female,"$40,000.00",1,Yes,Bachelors,Skilled Manual,Yes,1,0-1 Miles,Europe,89,Old,No
20417,Married,Male,"$30,000.00",3,Yes,Partial College,Clerical,No,2,5-10 Miles,Pacific,56,Old,No
18267,Married,Male,"$60,000.00",3,Yes,Bachelors,Professional,Yes,2,5-10 Miles,Pacific,43,Middle Aged,No
22974,Married,Female,"$30,000.00",2,Yes,Partial College,Clerical,Yes,2,5-10 Miles,Pacific,69,Old,No
13586,Married,Male,"$80,000.00",4,Yes,Partial College,Professional,Yes,2,10 Miles +,Europe,53,Middle Aged,No
18018,Single,Male,"$30,000.00",3,Yes,Partial College,Clerical,Yes,0,0-1 Miles,Europe,43,Middle Aged,No
12568,Married,Female,"$30,000.00",1,Yes,Bachelors,Clerical,Yes,0,0-1 Miles,Europe,64,Old,No
21184,Single,Male,"$70,000.00",0,No,Bachelors,Professional,No,1,5-10 Miles,Pacific,38,Middle Aged,No
24151,Single,Male,"$20,000.00",1,Yes,Bachelors,Clerical,No,0,0-1 Miles,Europe,51,Middle Aged,No
23962,Married,Female,"$10,000.00",0,No,Partial High School,Manual,Yes,2,1-2 Miles,Europe,32,Middle Aged,No
21365,Married,Female,"$10,000.00",2,Yes,Partial High School,Clerical,Yes,2,5-10 Miles,Pacific,58,Old,No
25792,Single,Female,"$110,000.00",3,Yes,Bachelors,Management,Yes,4,10 Miles +,Europe,53,Middle Aged,No
11555,Married,Female,"$40,000.00",1,Yes,Bachelors,Clerical,Yes,0,0-1 Miles,Europe,80,Old,No
22381,Married,Male,"$10,000.00",1,Yes,Graduate Degree,Manual,Yes,0,0-1 Miles,Europe,44,Middle Aged,No
17882,Married,Male,"$20,000.00",1,Yes,Graduate Degree,Clerical,Yes,0,0-1 Miles,Europe,44,Middle Aged,No
18012,Married,Female,"$40,000.00",1,Yes,Bachelors,Skilled Manual,Yes,0,0-1 Miles,Europe,41,Middle Aged,No
12744,Single,Female,"$40,000.00",2,Yes,Partial College,Clerical,Yes,0,0-1 Miles,Europe,33,Middle Aged,No
22821,Married,Female,"$130,000.00",3,Yes,Partial College,Professional,Yes,4,0-1 Miles,Europe,52,Middle Aged,No
11116,Married,Male,"$70,000.00",5,Yes,Partial College,Skilled Manual,Yes,2,5-10 Miles,Pacific,43,Middle Aged,No
20053,Single,Male,"$40,000.00",2,Yes,Partial College,Clerical,Yes,0,0-1 Miles,Europe,34,Middle Aged,No
25266,Single,Female,"$30,000.00",2,Yes,Partial College,Clerical,No,2,5-10 Miles,Pacific,67,Old,No
13961,Married,Female,"$80,000.00",5,Yes,Graduate Degree,Management,Yes,3,0-1 Miles,Pacific,40,Middle Aged,No
11139,Single,Female,"$30,000.00",2,Yes,Partial College,Clerical,No,2,5-10 Miles,Pacific,67,Old,No
18153,Married,Female,"$100,000.00",2,Yes,Bachelors,Management,Yes,4,10 Miles +,Europe,59,Old,No
14547,Married,Male,"$10,000.00",2,Yes,Partial College,Manual,Yes,0,1-2 Miles,Europe,51,Middle Aged,No
14805,Single,Female,"$10,000.00",3,Yes,Partial High School,Manual,Yes,2,0-1 Miles,Europe,43,Middle Aged,No
15822,Married,Male,"$40,000.00",2,Yes,Bachelors,Management,Yes,2,0-1 Miles,Pacific,67,Old,No
19389,Single,Male,"$30,000.00",0,No,Partial College,Clerical,No,1,2-5 Miles,Europe,28,Adolescent,No
22204,Married,Male,"$110,000.00",4,Yes,Bachelors,Management,Yes,3,2-5 Miles,Pacific,48,Middle Aged,No
12718,Single,Female,"$30,000.00",0,No,Partial College,Clerical,Yes,1,2-5 Miles,Europe,31,Middle Aged,No
15019,Single,Female,"$30,000.00",3,Yes,High School,Skilled Manual,Yes,2,5-10 Miles,Pacific,55,Old,No
27814,Single,Female,"$30,000.00",3,Yes,Partial College,Clerical,No,1,0-1 Miles,Europe,26,Adolescent,No
29447,Single,Female,"$10,000.00",2,Yes,Bachelors,Clerical,No,1,2-5 Miles,Europe,68,Old,No
19618,Married,Male,"$70,000.00",5,Yes,Partial College,Skilled Manual,Yes,2,0-1 Miles,Pacific,44,Middle Aged,No
12731,Single,Male,"$30,000.00",0,No,High School,Manual,No,1,1-2 Miles,Europe,32,Middle Aged,No
14278,Married,Female,"$130,000.00",0,No,Graduate Degree,Management,Yes,1,10 Miles +,Pacific,48,Middle Aged,No
11383,Married,Female,"$30,000.00",3,Yes,Graduate Degree,Clerical,Yes,0,0-1 Miles,Europe,46,Middle Aged,No
12497,Married,Female,"$40,000.00",1,Yes,Bachelors,Skilled Manual,Yes,0,0-1 Miles,Europe,42,Middle Aged,No
11585,Married,Female,"$40,000.00",1,Yes,Bachelors,Skilled Manual,Yes,0,0-1 Miles,Europe,41,Middle Aged,No
20277,Married,Female,"$30,000.00",2,Yes,Partial College,Clerical,No,2,0-1 Miles,Pacific,69,Old,No
26765,Single,Female,"$70,000.00",5,Yes,Partial College,Skilled Manual,Yes,2,5-10 Miles,Pacific,45,Middle Aged,No
12389,Single,Male,"$30,000.00",0,No,High School,Manual,No,1,2-5 Miles,Europe,34,Middle Aged,No
26385,Single,Male,"$120,000.00",3,Yes,High School,Professional,No,4,5-10 Miles,Europe,50,Middle Aged,No
12236,Married,Female,"$20,000.00",1,Yes,Partial College,Manual,Yes,0,0-1 Miles,Europe,65,Old,No
21554,Single,Female,"$80,000.00",0,No,Bachelors,Professional,No,3,10 Miles +,Pacific,33,Middle Aged,No
19331,Single,Male,"$20,000.00",2,Yes,High School,Manual,Yes,1,0-1 Miles,Europe,40,Middle Aged,No
11149,Married,Male,"$40,000.00",2,Yes,Bachelors,Management,Yes,2,0-1 Miles,Pacific,65,Old,No
18253,Married,Female,"$80,000.00",5,Yes,Graduate Degree,Management,Yes,3,0-1 Miles,Pacific,40,Middle Aged,No
20147,Married,Female,"$30,000.00",1,Yes,Bachelors,Clerical,Yes,0,0-1 Miles,Europe,65,Old,No
15612,Single,Male,"$30,000.00",0,No,High School,Manual,No,1,1-2 Miles,Europe,28,Adolescent,No
19748,Married,Male,"$20,000.00",4,Yes,High School,Skilled Manual,No,2,1-2 Miles,Pacific,60,Old,No
18294,Married,Female,"$90,000.00",1,Yes,Bachelors,Professional,Yes,1,5-10 Miles,Pacific,46,Middle Aged,No
15450,Married,Male,"$10,000.00",1,Yes,Graduate Degree,Clerical,Yes,0,0-1 Miles,Europe,70,Old,No
19491,Single,Male,"$30,000.00",2,Yes,Partial College,Clerical,Yes,2,0-1 Miles,Europe,42,Middle Aged,No
26415,Married,Female,"$90,000.00",4,Yes,Partial High School,Skilled Manual,Yes,4,10 Miles +,Europe,58,Old,No
12821,Married,Male,"$40,000.00",0,No,Bachelors,Clerical,Yes,0,0-1 Miles,Europe,39,Middle Aged,No
15629,Single,Female,"$10,000.00",0,No,Partial High School,Manual,Yes,2,1-2 Miles,Europe,34,Middle Aged,No
27835,Married,Male,"$20,000.00",0,No,Partial High School,Manual,Yes,2,0-1 Miles,Europe,32,Middle Aged,No
11738,Married,Male,"$60,000.00",4,Yes,Bachelors,Professional,Yes,0,2-5 Miles,North America,46,Middle Aged,No
25065,Married,Male,"$70,000.00",2,Yes,Partial High School,Skilled Manual,Yes,2,5-10 Miles,North America,48,Middle Aged,No
27650,Married,Male,"$70,000.00",4,Yes,High School,Professional,Yes,0,5-10 Miles,North America,51,Middle Aged,No
24981,Married,Male,"$60,000.00",2,Yes,Partial College,Professional,Yes,2,10 Miles +,North America,56,Old,No
15559,Married,Male,"$60,000.00",5,Yes,Bachelors,Professional,Yes,1,2-5 Miles,North America,47,Middle Aged,No
19235,Married,Female,"$50,000.00",0,No,Graduate Degree,Skilled Manual,Yes,0,0-1 Miles,North America,34,Middle Aged,No
15275,Married,Male,"$40,000.00",0,No,Partial College,Skilled Manual,Yes,1,5-10 Miles,North America,29,Adolescent,No
15940,Married,Male,"$100,000.00",4,Yes,Partial College,Professional,Yes,4,0-1 Miles,North America,40,Middle Aged,No
16337,Married,Male,"$60,000.00",0,No,Partial College,Skilled Manual,No,2,1-2 Miles,North America,29,Adolescent,No
19399,Single,Male,"$40,000.00",0,No,Bachelors,Professional,No,1,2-5 Miles,North America,45,Middle Aged,No
16154,Married,Female,"$70,000.00",5,Yes,Bachelors,Professional,Yes,2,2-5 Miles,North America,47,Middle Aged,No
22219,Married,Female,"$60,000.00",2,Yes,High School,Professional,Yes,2,5-10 Miles,North America,49,Middle Aged,No
15740,Married,Male,"$80,000.00",5,Yes,Bachelors,Management,Yes,2,1-2 Miles,North America,64,Old,No
27638,Single,Male,"$100,000.00",1,Yes,Partial College,Professional,No,3,1-2 Miles,North America,44,Middle Aged,No
17471,Single,Female,"$80,000.00",4,Yes,Graduate Degree,Management,Yes,2,5-10 Miles,North America,67,Old,No
15382,Married,Female,"$110,000.00",1,Yes,Bachelors,Management,Yes,2,1-2 Miles,North America,44,Middle Aged,No
11641,Married,Male,"$50,000.00",1,Yes,Bachelors,Skilled Manual,Yes,0,0-1 Miles,North America,36,Middle Aged,No
11935,Single,Female,"$30,000.00",0,No,Partial College,Skilled Manual,Yes,1,5-10 Miles,North America,28,Adolescent,No
14092,Single,Male,"$30,000.00",0,No,Partial High School,Clerical,Yes,2,5-10 Miles,North America,28,Adolescent,No
24941,Married,Male,"$60,000.00",3,Yes,Bachelors,Management,Yes,2,10 Miles +,North America,66,Old,No
24637,Married,Male,"$40,000.00",4,Yes,High School,Professional,Yes,2,10 Miles +,North America,64,Old,No
23893,Married,Male,"$50,000.00",3,Yes,Bachelors,Skilled Manual,Yes,3,10 Miles +,North America,41,Middle Aged,No
11262,Married,Female,"$80,000.00",4,Yes,Bachelors,Management,Yes,0,0-1 Miles,North America,42,Middle Aged,No
12195,Single,Female,"$70,000.00",3,Yes,Graduate Degree,Management,Yes,2,1-2 Miles,North America,52,Middle Aged,No
25375,Married,Male,"$50,000.00",1,Yes,Graduate Degree,Skilled Manual,Yes,0,1-2 Miles,North America,34,Middle Aged,No
11143,Married,Male,"$40,000.00",0,No,High School,Skilled Manual,Yes,2,5-10 Miles,North America,29,Adolescent,No
25898,Married,Female,"$70,000.00",2,Yes,High School,Professional,Yes,2,2-5 Miles,North America,53,Middle Aged,No
24397,Single,Male,"$120,000.00",2,Yes,Bachelors,Management,No,4,1-2 Miles,North America,40,Middle Aged,No
19758,Single,Male,"$60,000.00",0,No,Partial College,Skilled Manual,No,2,1-2 Miles,North America,29,Adolescent,No
18674,Single,Female,"$80,000.00",4,Yes,Graduate Degree,Skilled Manual,No,0,0-1 Miles,North America,48,Middle Aged,No
27393,Married,Female,"$50,000.00",4,Yes,Bachelors,Management,Yes,2,10 Miles +,North America,63,Old,No
25293,Married,Male,"$80,000.00",4,Yes,Bachelors,Management,Yes,0,1-2 Miles,North America,42,Middle Aged,No
24725,Married,Female,"$40,000.00",3,Yes,Partial College,Clerical,Yes,0,1-2 Miles,North America,31,Middle Aged,No
23200,Married,Female,"$50,000.00",3,Yes,Bachelors,Skilled Manual,Yes,2,0-1 Miles,North America,41,Middle Aged,No
15895,Single,Female,"$60,000.00",2,Yes,Bachelors,Management,Yes,0,10 Miles +,North America,58,Old,No
18577,Married,Female,"$60,000.00",0,No,Graduate Degree,Professional,Yes,0,0-1 Miles,North America,40,Middle Aged,No
27218,Married,Female,"$20,000.00",2,Yes,Partial High School,Clerical,No,0,0-1 Miles,North America,48,Middle Aged,No
25006,Single,Female,"$30,000.00",0,No,Partial College,Skilled Manual,Yes,1,5-10 Miles,North America,28,Adolescent,No
17369,Single,Male,"$30,000.00",0,No,Partial College,Skilled Manual,Yes,1,5-10 Miles,North America,27,Adolescent,No
18847,Married,Female,"$60,000.00",2,Yes,Graduate Degree,Management,Yes,2,5-10 Miles,North America,70,Old,No
26452,Single,Male,"$50,000.00",3,Yes,Graduate Degree,Management,Yes,2,10 Miles +,North America,69,Old,No
20370,Married,Male,"$70,000.00",3,Yes,Partial High School,Skilled Manual,Yes,2,5-10 Miles,North America,52,Middle Aged,No
20528,Married,Male,"$40,000.00",2,Yes,Partial High School,Skilled Manual,Yes,2,2-5 Miles,North America,55,Old,No
23549,Single,Male,"$30,000.00",0,No,High School,Skilled Manual,Yes,2,5-10 Miles,North America,30,Adolescent,No
21751,Married,Male,"$60,000.00",3,Yes,Graduate Degree,Management,Yes,2,1-2 Miles,North America,63,Old,No
13388,Single,Male,"$60,000.00",2,Yes,Partial College,Professional,Yes,1,10 Miles +,North America,56,Old,No
18752,Single,Female,"$40,000.00",0,No,High School,Skilled Manual,Yes,1,5-10 Miles,North America,31,Middle Aged,No
16917,Married,Male,"$120,000.00",1,Yes,Bachelors,Management,Yes,4,0-1 Miles,North America,38,Middle Aged,No
15313,Married,Male,"$60,000.00",4,Yes,Bachelors,Management,Yes,2,2-5 Miles,North America,59,Old,No
25329,Single,Female,"$40,000.00",3,Yes,Partial College,Clerical,No,2,0-1 Miles,North America,32,Middle Aged,No
20380,Married,Female,"$60,000.00",3,Yes,Graduate Degree,Management,Yes,2,10 Miles +,North America,69,Old,No
23089,Married,Male,"$40,000.00",0,No,Partial College,Skilled Manual,Yes,1,5-10 Miles,North America,28,Adolescent,No
13749,Married,Male,"$80,000.00",4,Yes,Graduate Degree,Skilled Manual,Yes,0,1-2 Miles,North America,47,Middle Aged,No
24943,Married,Male,"$60,000.00",3,Yes,Bachelors,Management,Yes,2,10 Miles +,North America,66,Old,No
17436,Married,Male,"$60,000.00",2,Yes,High School,Professional,No,2,1-2 Miles,North America,51,Middle Aged,No
18935,Married,Female,"$130,000.00",0,No,Graduate Degree,Management,Yes,3,1-2 Miles,North America,40,Middle Aged,No
12100,Single,Male,"$60,000.00",2,Yes,Bachelors,Management,Yes,0,10 Miles +,North America,57,Old,No
18391,Single,Female,"$80,000.00",5,Yes,Partial College,Professional,Yes,2,5-10 Miles,North America,44,Middle Aged,No
27660,Married,Male,"$80,000.00",4,Yes,Graduate Degree,Management,Yes,2,5-10 Miles,North America,70,Old,No
18058,Single,Female,"$20,000.00",3,Yes,High School,Skilled Manual,Yes,2,2-5 Miles,North America,78,Old,No
20343,Married,Female,"$90,000.00",4,Yes,Partial College,Professional,Yes,1,1-2 Miles,North America,45,Middle Aged,No
24398,Married,Male,"$130,000.00",1,Yes,Graduate Degree,Management,Yes,4,0-1 Miles,North America,41,Middle Aged,No
28609,Married,Male,"$30,000.00",2,Yes,High School,Skilled Manual,No,2,0-1 Miles,North America,49,Middle Aged,No
29231,Single,Male,"$80,000.00",4,Yes,Partial College,Professional,No,2,0-1 Miles,North America,43,Middle Aged,No
25261,Married,Male,"$40,000.00",0,No,High School,Skilled Manual,Yes,2,5-10 Miles,North America,27,Adolescent,No
11644,Single,Male,"$40,000.00",2,Yes,Bachelors,Skilled Manual,Yes,0,2-5 Miles,North America,36,Middle Aged,No
25983,Married,Male,"$70,000.00",0,No,Bachelors,Professional,No,1,0-1 Miles,North America,43,Middle Aged,No
14633,Married,Male,"$60,000.00",1,Yes,Partial College,Skilled Manual,Yes,1,2-5 Miles,North America,44,Middle Aged,No
22983,Single,Female,"$30,000.00",0,No,Partial High School,Clerical,Yes,2,5-10 Miles,North America,27,Adolescent,No
14469,Married,Female,"$100,000.00",3,Yes,Partial College,Professional,Yes,4,1-2 Miles,North America,45,Middle Aged,No
16245,Single,Female,"$80,000.00",4,Yes,Graduate Degree,Skilled Manual,Yes,0,1-2 Miles,North America,47,Middle Aged,No
25347,Single,Female,"$20,000.00",3,Yes,Partial High School,Clerical,No,2,0-1 Miles,North America,49,Middle Aged,No
15814,Single,Female,"$40,000.00",0,No,High School,Skilled Manual,Yes,1,5-10 Miles,North America,30,Adolescent,No
11200,Married,Male,"$70,000.00",4,Yes,Bachelors,Management,Yes,1,1-2 Miles,North America,58,Old,No
25101,Married,Male,"$60,000.00",5,Yes,Bachelors,Professional,Yes,1,2-5 Miles,North America,47,Middle Aged,No
21801,Married,Female,"$70,000.00",4,Yes,Partial College,Professional,Yes,1,1-2 Miles,North America,55,Old,No
22127,Married,Male,"$60,000.00",3,Yes,Graduate Degree,Management,Yes,2,1-2 Miles,North America,67,Old,No
20414,Married,Female,"$60,000.00",0,No,Partial College,Skilled Manual,Yes,2,5-10 Miles,North America,29,Adolescent,No
23672,Married,Female,"$60,000.00",3,Yes,Graduate Degree,Management,Yes,2,1-2 Miles,North America,67,Old,No
28815,Married,Female,"$50,000.00",1,Yes,Graduate Degree,Skilled Manual,Yes,0,0-1 Miles,North America,35,Middle Aged,No
27753,Married,Male,"$40,000.00",0,No,High School,Skilled Manual,No,2,1-2 Miles,North America,30,Adolescent,No
27643,Single,Male,"$70,000.00",5,Yes,Partial College,Professional,Yes,3,2-5 Miles,North America,44,Middle Aged,No
13754,Single,Female,"$80,000.00",4,Yes,Graduate Degree,Skilled Manual,Yes,0,1-2 Miles,North America,48,Middle Aged,No
27388,Married,Male,"$60,000.00",3,Yes,Bachelors,Management,No,2,1-2 Miles,North America,66,Old,No
24745,Single,Female,"$30,000.00",2,Yes,High School,Skilled Manual,No,2,0-1 Miles,North America,49,Middle Aged,No
15272,Single,Male,"$40,000.00",0,No,High School,Skilled Manual,No,2,1-2 Miles,North America,30,Adolescent,No
14507,Married,Male,"$100,000.00",2,Yes,Graduate Degree,Management,Yes,3,1-2 Miles,North America,65,Old,No
21441,Married,Male,"$50,000.00",4,Yes,Bachelors,Management,Yes,2,10 Miles +,North America,64,Old,No
23368,Married,Female,"$60,000.00",5,Yes,Bachelors,Skilled Manual,Yes,3,10 Miles +,North America,41,Middle Aged,No
16217,Single,Female,"$60,000.00",0,No,Graduate Degree,Skilled Manual,Yes,0,0-1 Miles,North America,39,Middle Aged,No
16247,Single,Female,"$60,000.00",4,Yes,Graduate Degree,Skilled Manual,No,0,1-2 Miles,North America,47,Middle Aged,No
22010,Single,Male,"$40,000.00",0,No,High School,Skilled Manual,Yes,2,5-10 Miles,North America,31,Middle Aged,No
11287,Married,Male,"$70,000.00",5,Yes,Partial College,Professional,No,3,5-10 Miles,North America,45,Middle Aged,No
26236,Married,Female,"$40,000.00",3,Yes,Partial College,Clerical,Yes,1,0-1 Miles,North America,31,Middle Aged,No
17531,Married,Male,"$60,000.00",2,Yes,High School,Professional,No,2,5-10 Miles,North America,50,Middle Aged,No
12964,Married,Male,"$70,000.00",1,Yes,Partial College,Skilled Manual,Yes,1,0-1 Miles,North America,44,Middle Aged,No
24643,Single,Female,"$60,000.00",4,Yes,Bachelors,Management,Yes,2,10 Miles +,North America,63,Old,No
27637,Single,Female,"$100,000.00",1,Yes,Partial College,Professional,No,3,1-2 Miles,North America,44,Middle Aged,No
11890,Married,Female,"$70,000.00",5,Yes,Graduate Degree,Professional,Yes,1,0-1 Miles,North America,47,Middle Aged,No
14443,Married,Male,"$130,000.00",1,Yes,Graduate Degree,Management,Yes,4,0-1 Miles,North America,40,Middle Aged,No
20505,Married,Female,"$40,000.00",5,Yes,High School,Professional,No,2,10 Miles +,North America,61,Old,No
14592,Married,Female,"$60,000.00",0,No,Graduate Degree,Professional,Yes,0,0-1 Miles,North America,40,Middle Aged,No
22227,Married,Female,"$60,000.00",2,Yes,High School,Professional,Yes,2,5-10 Miles,North America,50,Middle Aged,No
21471,Married,Male,"$70,000.00",2,Yes,Partial College,Professional,Yes,1,10 Miles +,North America,59,Old,No
21260,Single,Female,"$40,000.00",0,No,High School,Skilled Manual,Yes,2,5-10 Miles,North America,30,Adolescent,No
19223,Married,Female,"$30,000.00",2,Yes,High School,Skilled Manual,Yes,2,1-2 Miles,North America,48,Middle Aged,No
18517,Married,Male,"$100,000.00",3,Yes,Bachelors,Management,Yes,4,0-1 Miles,North America,41,Middle Aged,No
21717,Married,Male,"$40,000.00",2,Yes,Partial College,Clerical,Yes,1,0-1 Miles,North America,47,Middle Aged,No
13760,Married,Male,"$60,000.00",4,Yes,Graduate Degree,Skilled Manual,No,0,0-1 Miles,North America,47,Middle Aged,No
18145,Married,Male,"$80,000.00",5,Yes,Bachelors,Management,No,2,2-5 Miles,Europe,62,Old,No
21770,Married,Male,"$60,000.00",4,Yes,Bachelors,Management,Yes,2,10 Miles +,North America,60,Old,No
11165,Married,Female,"$60,000.00",0,No,Partial College,Skilled Manual,No,1,1-2 Miles,North America,33,Middle Aged,No
16377,Single,Female,"$80,000.00",4,Yes,Graduate Degree,Skilled Manual,No,0,0-1 Miles,North America,47,Middle Aged,No
26248,Married,Male,"$20,000.00",3,Yes,Partial High School,Clerical,No,2,0-1 Miles,North America,52,Middle Aged,No
23461,Married,Female,"$90,000.00",5,Yes,Partial College,Professional,Yes,3,2-5 Miles,North America,40,Middle Aged,No
29133,Single,Female,"$60,000.00",4,Yes,Bachelors,Skilled Manual,No,2,0-1 Miles,North America,42,Middle Aged,No
18910,Single,Male,"$30,000.00",0,No,Partial College,Skilled Manual,Yes,2,5-10 Miles,North America,30,Adolescent,No
11699,Single,Male,"$60,000.00",0,No,Bachelors,Skilled Manual,No,2,0-1 Miles,North America,30,Adolescent,No
16725,Married,Male,"$30,000.00",0,No,High School,Skilled Manual,Yes,2,5-10 Miles,North America,26,Adolescent,No
28269,Single,Female,"$130,000.00",1,Yes,Bachelors,Management,No,1,2-5 Miles,North America,45,Middle Aged,No
18390,Married,Male,"$80,000.00",5,Yes,Partial College,Professional,Yes,2,0-1 Miles,North America,44,Middle Aged,No
29112,Single,Male,"$60,000.00",0,No,Partial College,Professional,No,2,1-2 Miles,North America,30,Adolescent,No
14090,Married,Female,"$30,000.00",0,No,Partial High School,Clerical,No,2,0-1 Miles,North America,28,Adolescent,No
27040,Married,Male,"$20,000.00",2,Yes,Partial High School,Clerical,Yes,2,1-2 Miles,North America,49,Middle Aged,No
16795,Married,Female,"$70,000.00",4,Yes,Bachelors,Management,Yes,1,1-2 Miles,North America,59,Old,No
22014,Single,Male,"$30,000.00",0,No,High School,Skilled Manual,Yes,2,5-10 Miles,North America,26,Adolescent,No
11619,Single,Female,"$50,000.00",0,No,Graduate Degree,Skilled Manual,Yes,0,1-2 Miles,North America,33,Middle Aged,No
11199,Married,Female,"$70,000.00",4,Yes,Bachelors,Management,Yes,1,10 Miles +,North America,59,Old,No
18069,Married,Male,"$70,000.00",5,Yes,Bachelors,Management,Yes,4,10 Miles +,North America,60,Old,No
23712,Single,Female,"$70,000.00",2,Yes,Bachelors,Management,Yes,1,10 Miles +,North America,59,Old,No
20518,Married,Female,"$70,000.00",2,Yes,Partial College,Professional,Yes,1,10 Miles +,North America,58,Old,No
28026,Married,Female,"$40,000.00",2,Yes,High School,Professional,No,2,2-5 Miles,North America,59,Old,No
11669,Single,Female,"$70,000.00",2,Yes,Bachelors,Skilled Manual,Yes,1,2-5 Miles,North America,38,Middle Aged,No
27198,Single,Female,"$80,000.00",0,No,Graduate Degree,Skilled Manual,No,0,0-1 Miles,North America,40,Middle Aged,No
26341,Married,Female,"$70,000.00",5,Yes,Graduate Degree,Professional,Yes,2,0-1 Miles,North America,37,Middle Aged,No
14493,Single,Female,"$70,000.00",3,Yes,Graduate Degree,Management,No,2,1-2 Miles,North America,53,Middle Aged,No
26678,Single,Female,"$80,000.00",2,Yes,Partial High School,Skilled Manual,Yes,2,5-10 Miles,North America,49,Middle Aged,No
23275,Married,Male,"$30,000.00",2,Yes,High School,Skilled Manual,Yes,2,1-2 Miles,North America,49,Middle Aged,No
20084,Married,Male,"$20,000.00",2,Yes,High School,Manual,No,2,0-1 Miles,North America,53,Middle Aged,No
27731,Married,Male,"$40,000.00",0,No,High School,Skilled Manual,Yes,2,5-10 Miles,North America,27,Adolescent,No
23027,Single,Male,"$130,000.00",1,Yes,Bachelors,Management,No,4,0-1 Miles,North America,44,Middle Aged,No
14514,Single,Female,"$30,000.00",0,No,Partial College,Skilled Manual,Yes,1,5-10 Miles,North America,26,Adolescent,No
19634,Married,Male,"$40,000.00",0,No,High School,Skilled Manual,Yes,1,5-10 Miles,North America,31,Middle Aged,No
18504,Married,Male,"$70,000.00",2,Yes,Partial High School,Skilled Manual,No,2,1-2 Miles,North America,49,Middle Aged,No
11225,Married,Female,"$60,000.00",2,Yes,Partial College,Professional,Yes,1,10 Miles +,North America,55,Old,No
17657,Married,Male,"$40,000.00",4,Yes,Partial College,Clerical,No,0,0-1 Miles,North America,30,Adolescent,No
14077,Single,Male,"$30,000.00",0,No,High School,Skilled Manual,Yes,2,5-10 Miles,North America,30,Adolescent,No
13296,Married,Male,"$110,000.00",1,Yes,Bachelors,Management,Yes,3,5-10 Miles,North America,45,Middle Aged,No
20535,Married,Female,"$70,000.00",4,Yes,Partial College,Professional,Yes,1,10 Miles +,North America,56,Old,No
28043,Married,Female,"$60,000.00",2,Yes,Bachelors,Management,Yes,0,10 Miles +,North America,56,Old,No
12957,Single,Female,"$70,000.00",1,Yes,Bachelors,Professional,No,1,0-1 Miles,North America,44,Middle Aged,No
15412,Married,Male,"$130,000.00",2,Yes,Graduate Degree,Management,Yes,3,2-5 Miles,North America,69,Old,No
20514,Married,Female,"$70,000.00",2,Yes,Partial College,Professional,Yes,1,2-5 Miles,North America,59,Old,No
20758,Married,Male,"$30,000.00",2,Yes,High School,Skilled Manual,Yes,2,1-2 Miles,North America,50,Middle Aged,No
11801,Married,Male,"$60,000.00",1,Yes,Graduate Degree,Professional,Yes,0,2-5 Miles,North America,36,Middle Aged,No
22211,Married,Male,"$60,000.00",0,No,Partial College,Professional,Yes,2,5-10 Miles,North America,32,Middle Aged,No
28087,Single,Female,"$40,000.00",0,No,Partial College,Skilled Manual,No,1,1-2 Miles,North America,27,Adolescent,No
27441,Married,Male,"$60,000.00",3,Yes,High School,Professional,No,2,2-5 Miles,North America,53,Middle Aged,No
21714,Single,Female,"$80,000.00",5,Yes,Graduate Degree,Skilled Manual,No,0,0-1 Miles,North America,47,Middle Aged,No
23797,Single,Male,"$20,000.00",3,Yes,Partial High School,Clerical,No,2,0-1 Miles,North America,50,Middle Aged,No
13216,Married,Female,"$60,000.00",5,Yes,Bachelors,Management,Yes,3,10 Miles +,North America,59,Old,No
25908,Married,Female,"$60,000.00",0,No,Partial College,Skilled Manual,No,1,1-2 Miles,North America,27,Adolescent,No
14608,Married,Male,"$50,000.00",4,Yes,Bachelors,Skilled Manual,Yes,3,10 Miles +,North America,42,Middle Aged,No
13313,Married,Female,"$120,000.00",1,Yes,High School,Professional,No,4,2-5 Miles,North America,45,Middle Aged,No
18952,Married,Female,"$100,000.00",4,Yes,Bachelors,Management,Yes,4,0-1 Miles,North America,40,Middle Aged,No
17699,Married,Male,"$60,000.00",1,Yes,Graduate Degree,Skilled Manual,No,0,0-1 Miles,North America,55,Old,No
11783,Married,Female,"$60,000.00",1,Yes,Graduate Degree,Skilled Manual,Yes,0,0-1 Miles,North America,34,Middle Aged,No
29030,Married,Male,"$70,000.00",2,Yes,Partial High School,Skilled Manual,Yes,2,10 Miles +,North America,54,Middle Aged,No
13151,Single,Male,"$40,000.00",0,No,High School,Skilled Manual,Yes,2,5-10 Miles,North America,27,Adolescent,No
17260,Married,Male,"$90,000.00",5,Yes,Partial College,Professional,Yes,3,0-1 Miles,North America,41,Middle Aged,No
18105,Married,Female,"$60,000.00",2,Yes,Partial College,Professional,Yes,1,10 Miles +,North America,55,Old,No
19660,Married,Male,"$80,000.00",4,Yes,Bachelors,Management,Yes,0,0-1 Miles,North America,43,Middle Aged,No
20698,Married,Male,"$60,000.00",4,Yes,Bachelors,Skilled Manual,Yes,3,5-10 Miles,North America,42,Middle Aged,No
15468,Married,Female,"$50,000.00",1,Yes,Bachelors,Skilled Manual,Yes,1,0-1 Miles,North America,35,Middle Aged,No
26270,Single,Female,"$20,000.00",2,Yes,Partial High School,Clerical,Yes,2,1-2 Miles,North America,49,Middle Aged,No
28228,Single,Female,"$80,000.00",2,Yes,Partial High School,Skilled Manual,No,2,1-2 Miles,North America,50,Middle Aged,No
23256,Single,Male,"$30,000.00",1,Yes,High School,Clerical,No,1,5-10 Miles,North America,52,Middle Aged,No
20361,Married,Male,"$50,000.00",2,Yes,Graduate Degree,Management,Yes,2,5-10 Miles,North America,69,Old,No
21306,Single,Male,"$60,000.00",2,Yes,High School,Professional,Yes,2,5-10 Miles,North America,51,Middle Aged,No
11255,Married,Male,"$70,000.00",4,Yes,Graduate Degree,Management,Yes,2,5-10 Miles,North America,73,Old,No
28090,Married,Male,"$40,000.00",0,No,Partial College,Skilled Manual,Yes,1,5-10 Miles,North America,27,Adolescent,No
26778,Single,Female,"$40,000.00",0,No,High School,Skilled Manual,Yes,2,5-10 Miles,North America,31,Middle Aged,No
23248,Married,Female,"$10,000.00",2,Yes,High School,Manual,Yes,2,1-2 Miles,North America,53,Middle Aged,No
27994,Married,Female,"$40,000.00",4,Yes,High School,Professional,Yes,2,5-10 Miles,North America,69,Old,No
25954,Married,Male,"$60,000.00",0,No,Partial College,Skilled Manual,No,2,1-2 Miles,North America,31,Middle Aged,No
15749,Single,Female,"$70,000.00",4,Yes,Bachelors,Management,Yes,2,10 Miles +,North America,61,Old,No
25899,Married,Female,"$70,000.00",2,Yes,High School,Professional,Yes,2,10 Miles +,North America,53,Middle Aged,No
23333,Married,Male,"$40,000.00",0,No,Partial College,Skilled Manual,No,2,1-2 Miles,North America,30,Adolescent,No
24514,Married,Male,"$40,000.00",0,No,Partial College,Skilled Manual,Yes,1,5-10 Miles,North America,30,Adolescent,No
27505,Single,Female,"$40,000.00",0,No,High School,Skilled Manual,Yes,2,5-10 Miles,North America,30,Adolescent,No
29243,Single,Male,"$110,000.00",1,Yes,Bachelors,Management,Yes,1,5-10 Miles,North America,43,Middle Aged,No
14271,Married,Male,"$30,000.00",0,No,High School,Skilled Manual,Yes,2,5-10 Miles,North America,32,Middle Aged,No
20421,Single,Female,"$40,000.00",0,No,Partial High School,Clerical,Yes,2,5-10 Miles,North America,26,Adolescent,No
16009,Single,Male,"$170,000.00",1,Yes,Graduate Degree,Management,No,4,0-1 Miles,North America,66,Old,No
18411,Married,Male,"$60,000.00",2,Yes,High School,Professional,No,2,5-10 Miles,North America,51,Middle Aged,No
18572,Married,Female,"$60,000.00",0,No,Graduate Degree,Professional,Yes,0,0-1 Miles,North America,39,Middle Aged,No
18891,Married,Female,"$40,000.00",0,No,Partial College,Skilled Manual,Yes,2,5-10 Miles,North America,28,Adolescent,No
16773,Married,Male,"$60,000.00",1,Yes,Graduate Degree,Skilled Manual,Yes,0,0-1 Miles,North America,33,Middle Aged,No
11233,Married,Male,"$70,000.00",4,Yes,Partial College,Professional,Yes,2,10 Miles +,North America,53,Middle Aged,No
12056,Married,Male,"$120,000.00",2,Yes,Graduate Degree,Management,Yes,3,5-10 Miles,North America,64,Old,No
18423,Single,Male,"$80,000.00",2,Yes,Partial High School,Skilled Manual,No,2,1-2 Miles,North America,52,Middle Aged,No
22743,Married,Female,"$40,000.00",5,Yes,High School,Professional,Yes,2,10 Miles +,North America,60,Old,No
25343,Single,Female,"$20,000.00",3,Yes,Partial High School,Clerical,Yes,2,1-2 Miles,North America,50,Middle Aged,No
13390,Married,Female,"$70,000.00",4,Yes,Partial College,Professional,No,1,1-2 Miles,North America,56,Old,No
17482,Single,Female,"$40,000.00",0,No,Partial High School,Clerical,Yes,2,5-10 Miles,North America,29,Adolescent,No
20504,Married,Female,"$40,000.00",5,Yes,High School,Professional,No,2,2-5 Miles,North America,60,Old,No
12205,Single,Female,"$130,000.00",2,Yes,Bachelors,Management,No,4,0-1 Miles,North America,67,Old,No
17519,Married,Female,"$60,000.00",0,No,Partial College,Professional,Yes,2,5-10 Miles,North America,32,Middle Aged,No
18347,Single,Female,"$30,000.00",0,No,Partial College,Skilled Manual,No,1,1-2 Miles,North America,31,Middle Aged,No
29052,Single,Male,"$40,000.00",0,No,Partial College,Skilled Manual,Yes,1,5-10 Miles,North America,27,Adolescent,No
19147,Married,Male,"$40,000.00",0,No,Bachelors,Professional,No,1,0-1 Miles,North America,42,Middle Aged,No
19217,Married,Male,"$30,000.00",2,Yes,High School,Skilled Manual,Yes,2,1-2 Miles,North America,49,Middle Aged,No
15839,Single,Male,"$30,000.00",0,No,Partial College,Skilled Manual,Yes,1,5-10 Miles,North America,32,Middle Aged,No
25041,Single,Male,"$40,000.00",0,No,High School,Skilled Manual,Yes,2,5-10 Miles,North America,31,Middle Aged,No
28052,Married,Male,"$60,000.00",2,Yes,High School,Professional,Yes,2,10 Miles +,North America,55,Old,No
26693,Married,Male,"$70,000.00",3,Yes,Partial College,Professional,Yes,1,5-10 Miles,North America,49,Middle Aged,No
26065,Single,Female,"$110,000.00",3,Yes,Bachelors,Management,No,4,1-2 Miles,North America,42,Middle Aged,No
13942,Married,Male,"$60,000.00",1,Yes,Partial College,Skilled Manual,Yes,1,0-1 Miles,North America,46,Middle Aged,No
11219,Married,Male,"$60,000.00",2,Yes,High School,Professional,Yes,2,10 Miles +,North America,55,Old,No
23197,Married,Male,"$50,000.00",3,Yes,Bachelors,Skilled Manual,Yes,2,2-5 Miles,North America,40,Middle Aged,No
18322,Single,Male,"$30,000.00",0,No,Partial High School,Clerical,No,2,0-1 Miles,North America,26,Adolescent,No
15879,Married,Male,"$70,000.00",5,Yes,Bachelors,Management,Yes,2,2-5 Miles,North America,61,Old,No
28278,Married,Male,"$50,000.00",2,Yes,Graduate Degree,Management,Yes,2,5-10 Miles,North America,71,Old,No
24416,Married,Male,"$90,000.00",4,Yes,High School,Professional,Yes,2,1-2 Miles,North America,45,Middle Aged,No
14872,Married,Male,"$30,000.00",0,No,Graduate Degree,Skilled Manual,Yes,0,0-1 Miles,North America,32,Middle Aged,No
19731,Married,Male,"$80,000.00",4,Yes,Graduate Degree,Management,Yes,2,5-10 Miles,North America,68,Old,No
23801,Married,Female,"$20,000.00",2,Yes,Partial High School,Clerical,Yes,2,0-1 Miles,North America,49,Middle Aged,No
11807,Married,Male,"$70,000.00",3,Yes,Graduate Degree,Professional,Yes,0,2-5 Miles,North America,34,Middle Aged,No
11622,Married,Male,"$50,000.00",0,No,Graduate Degree,Skilled Manual,Yes,0,0-1 Miles,North America,32,Middle Aged,No
26597,Single,Female,"$60,000.00",4,Yes,Bachelors,Skilled Manual,No,2,0-1 Miles,North America,42,Middle Aged,No
19228,Married,Female,"$40,000.00",2,Yes,Partial College,Clerical,Yes,1,0-1 Miles,North America,48,Middle Aged,No
14569,Married,Male,"$60,000.00",1,Yes,Graduate Degree,Professional,Yes,0,0-1 Miles,North America,35,Middle Aged,No
12029,Married,Male,"$30,000.00",0,No,Partial High School,Clerical,No,2,0-1 Miles,North America,28,Adolescent,No
28192,Married,Female,"$70,000.00",5,Yes,Graduate Degree,Professional,Yes,3,10 Miles +,North America,46,Middle Aged,No
28858,Single,Male,"$80,000.00",3,Yes,Bachelors,Skilled Manual,Yes,0,2-5 Miles,North America,40,Middle Aged,No
14432,Single,Male,"$90,000.00",4,Yes,Graduate Degree,Management,Yes,1,5-10 Miles,North America,73,Old,No
19747,Married,Male,"$50,000.00",4,Yes,Bachelors,Management,Yes,2,10 Miles +,North America,63,Old,No
13934,Married,Male,"$40,000.00",4,Yes,High School,Skilled Manual,Yes,2,2-5 Miles,North America,46,Middle Aged,No
13337,Married,Female,"$80,000.00",5,Yes,Bachelors,Management,Yes,2,5-10 Miles,North America,64,Old,No
27190,Married,Female,"$40,000.00",3,Yes,Partial College,Clerical,Yes,1,1-2 Miles,North America,32,Middle Aged,No
21713,Single,Male,"$80,000.00",5,Yes,Graduate Degree,Skilled Manual,No,0,0-1 Miles,North America,47,Middle Aged,No
21752,Married,Male,"$60,000.00",3,Yes,Graduate Degree,Management,Yes,2,10 Miles +,North America,64,Old,No
21451,Married,Female,"$40,000.00",4,Yes,High School,Professional,Yes,2,10 Miles +,North America,61,Old,No
20754,Married,Male,"$30,000.00",2,Yes,High School,Skilled Manual,Yes,2,1-2 Miles,North America,51,Middle Aged,No
26495,Single,Female,"$40,000.00",2,Yes,High School,Professional,Yes,2,10 Miles +,North America,57,Old,No
11823,Married,Female,"$70,000.00",0,No,Graduate Degree,Professional,Yes,0,2-5 Miles,North America,39,Middle Aged,No
23449,Married,Male,"$60,000.00",2,Yes,High School,Professional,Yes,2,5-10 Miles,North America,48,Middle Aged,No
23459,Married,Male,"$60,000.00",2,Yes,High School,Professional,Yes,2,5-10 Miles,North America,50,Middle Aged,No
19543,Married,Male,"$70,000.00",5,Yes,Graduate Degree,Professional,No,3,10 Miles +,North America,47,Middle Aged,No
11941,Single,Male,"$60,000.00",0,No,Partial College,Skilled Manual,Yes,0,5-10 Miles,North America,29,Adolescent,No
14389,Married,Male,"$60,000.00",2,Yes,Bachelors,Management,Yes,0,2-5 Miles,North America,59,Old,No
19856,Married,Female,"$60,000.00",4,Yes,Bachelors,Management,Yes,2,2-5 Miles,North America,60,Old,No
27740,Married,Female,"$40,000.00",0,No,High School,Skilled Manual,Yes,2,5-10 Miles,North America,27,Adolescent,No
23455,Single,Male,"$80,000.00",2,Yes,Partial High School,Skilled Manual,No,2,1-2 Miles,North America,50,Middle Aged,No
15292,Single,Female,"$60,000.00",1,Yes,Graduate Degree,Skilled Manual,Yes,0,1-2 Miles,North America,35,Middle Aged,No
23513,Married,Female,"$40,000.00",3,Yes,Partial College,Professional,Yes,2,5-10 Miles,North America,54,Middle Aged,No
24322,Married,Female,"$60,000.00",4,Yes,Bachelors,Skilled Manual,No,2,0-1 Miles,North America,42,Middle Aged,No
21693,Single,Female,"$60,000.00",0,No,Graduate Degree,Skilled Manual,No,0,0-1 Miles,North America,40,Middle Aged,No
28056,Married,Male,"$70,000.00",2,Yes,Partial High School,Skilled Manual,Yes,2,10 Miles +,North America,53,Middle Aged,No
11788,Single,Female,"$70,000.00",1,Yes,Graduate Degree,Professional,Yes,0,2-5 Miles,North America,34,Middle Aged,No
22296,Married,Male,"$70,000.00",0,No,Bachelors,Professional,No,1,0-1 Miles,North America,38,Middle Aged,No
15319,Married,Female,"$70,000.00",4,Yes,Bachelors,Management,No,1,1-2 Miles,North America,59,Old,No
17541,Married,Female,"$40,000.00",4,Yes,High School,Skilled Manual,Yes,2,2-5 Miles,North America,43,Middle Aged,No
13073,Married,Female,"$60,000.00",0,No,Partial College,Professional,Yes,2,5-10 Miles,North America,30,Adolescent,No
23491,Single,Male,"$100,000.00",0,No,Partial College,Professional,No,4,1-2 Miles,North America,45,Middle Aged,No
16651,Married,Female,"$120,000.00",2,Yes,Bachelors,Management,Yes,3,5-10 Miles,North America,62,Old,No
16813,Married,Male,"$60,000.00",2,Yes,Partial College,Professional,Yes,2,10 Miles +,North America,55,Old,No
27434,Single,Male,"$70,000.00",4,Yes,Partial College,Professional,Yes,1,10 Miles +,North America,56,Old,No
27756,Single,Female,"$50,000.00",3,Yes,Bachelors,Skilled Manual,No,1,0-1 Miles,North America,40,Middle Aged,No
19012,Married,Male,"$80,000.00",3,Yes,Bachelors,Management,Yes,1,1-2 Miles,North America,56,Old,No
18329,Single,Male,"$30,000.00",0,No,Partial High School,Clerical,No,2,5-10 Miles,North America,27,Adolescent,No
29037,Married,Male,"$60,000.00",0,No,Graduate Degree,Professional,No,0,0-1 Miles,North America,39,Middle Aged,No
26576,Married,Female,"$60,000.00",0,No,Partial College,Skilled Manual,Yes,2,5-10 Miles,North America,31,Middle Aged,No
12192,Single,Female,"$60,000.00",2,Yes,Partial High School,Skilled Manual,No,2,1-2 Miles,North America,51,Middle Aged,No
14887,Married,Female,"$30,000.00",1,Yes,High School,Clerical,Yes,1,5-10 Miles,North America,52,Middle Aged,No
11734,Married,Male,"$60,000.00",1,Yes,Partial College,Skilled Manual,No,1,0-1 Miles,North America,47,Middle Aged,No
28004,Married,Female,"$60,000.00",3,Yes,Bachelors,Management,Yes,2,10 Miles +,North America,66,Old,No
19741,Single,Female,"$80,000.00",4,Yes,Graduate Degree,Management,Yes,2,5-10 Miles,North America,65,Old,No
17450,Married,Male,"$80,000.00",5,Yes,Partial College,Professional,Yes,3,5-10 Miles,North America,45,Middle Aged,No
17337,Single,Male,"$40,000.00",0,No,High School,Skilled Manual,Yes,1,5-10 Miles,North America,31,Middle Aged,No
15982,Married,Male,"$110,000.00",5,Yes,Partial College,Professional,Yes,4,2-5 Miles,North America,46,Middle Aged,No
11269,Married,Male,"$130,000.00",2,Yes,Graduate Degree,Management,Yes,2,0-1 Miles,North America,41,Middle Aged,No
13920,Single,Female,"$50,000.00",4,Yes,Bachelors,Skilled Manual,Yes,2,0-1 Miles,North America,42,Middle Aged,No
28972,Single,Female,"$60,000.00",3,Yes,Graduate Degree,Management,Yes,2,10 Miles +,North America,66,Old,No
22730,Married,Male,"$70,000.00",5,Yes,Bachelors,Management,Yes,2,10 Miles +,North America,63,Old,No
29134,Married,Male,"$60,000.00",4,Yes,Bachelors,Skilled Manual,No,3,10 Miles +,North America,42,Middle Aged,No
14332,Single,Female,"$30,000.00",0,No,High School,Skilled Manual,No,2,5-10 Miles,North America,26,Adolescent,No
13466,Married,Male,"$80,000.00",5,Yes,Partial College,Professional,Yes,3,1-2 Miles,North America,46,Middle Aged,No
19664,Single,Male,"$100,000.00",3,Yes,Bachelors,Management,No,3,1-2 Miles,North America,38,Middle Aged,No
